ping_index,latitude,longitude,depth_m,heading_deg,timestamp
0,24.55050161927708,-81.77999691657385,28.0,60.0,2026-09-02T19:07:36.222932+00:00
1,24.550503233658667,-81.77999383004659,28.0,60.1,2026-09-02T19:07:36.422932+00:00
2,24.5505048431521,-81.77999074043534,28.1,60.2,2026-09-02T19:07:36.622932+00:00
3,24.55050644777701,-81.7799876477648,28.1,60.3,2026-09-02T19:07:36.822932+00:00
4,24.550508047565295,-81.77998455206716,28.1,60.4,2026-09-02T19:07:37.022932+00:00
5,24.55050964256109,-81.77998145338199,28.1,60.5,2026-09-02T19:07:37.222932+00:00
6,24.550511232820675,-81.77997835175599,28.2,60.6,2026-09-02T19:07:37.422932+00:00
7,24.55051281841237,-81.77997524724285,28.2,60.7,2026-09-02T19:07:37.622932+00:00
8,24.5505143994164,-81.77997213990302,28.2,60.8,2026-09-02T19:07:37.822932+00:00
9,24.550515975924718,-81.77996902980365,28.3,60.9,2026-09-02T19:07:38.022932+00:00
10,24.550517548040787,-81.77996591701815,28.3,61.0,2026-09-02T19:07:38.222932+00:00
11,24.550519115879354,-81.77996280162611,28.3,61.0,2026-09-02T19:07:38.422932+00:00
12,24.550520679566176,-81.77995968371306,28.4,61.1,2026-09-02T19:07:38.622932+00:00
13,24.550522239237736,-81.77995656337012,28.4,61.2,2026-09-02T19:07:38.822932+00:00
14,24.550523795040878,-81.77995344069386,28.4,61.3,2026-09-02T19:07:39.022932+00:00
15,24.550525347132478,-81.77995031578598,28.4,61.4,2026-09-02T19:07:39.222932+00:00
16,24.55052689567906,-81.77994718875307,28.5,61.4,2026-09-02T19:07:39.422932+00:00
17,24.550528440856343,-81.77994405970628,28.5,61.5,2026-09-02T19:07:39.622932+00:00
18,24.550529982848843,-81.77994092876115,28.5,61.6,2026-09-02T19:07:39.822932+00:00
19,24.55053152184938,-81.77993779603719,28.6,61.6,2026-09-02T19:07:40.022932+00:00
20,24.55053305805859,-81.77993466165772,28.6,61.7,2026-09-02T19:07:40.222932+00:00
21,24.55053459168442,-81.77993152574953,28.6,61.7,2026-09-02T19:07:40.422932+00:00
22,24.550536122941597,-81.77992838844258,28.7,61.8,2026-09-02T19:07:40.622932+00:00
23,24.550537652051034,-81.77992524986975,28.7,61.8,2026-09-02T19:07:40.822932+00:00
24,24.550539179239316,-81.7799221101665,28.7,61.9,2026-09-02T19:07:41.022932+00:00
25,24.550540704738058,-81.77991896947063,28.7,61.9,2026-09-02T19:07:41.222932+00:00
26,24.550542228783332,-81.77991582792195,28.8,61.9,2026-09-02T19:07:41.422932+00:00
27,24.550543751615027,-81.77991268566201,28.8,62.0,2026-09-02T19:07:41.622932+00:00
28,24.550545273476242,-81.77990954283382,28.8,62.0,2026-09-02T19:07:41.822932+00:00
29,24.55054679461262,-81.77990639958149,28.9,62.0,2026-09-02T19:07:42.022932+00:00
30,24.55054831527174,-81.77990325605002,28.9,62.0,2026-09-02T19:07:42.222932+00:00
31,24.550549835702405,-81.77990011238495,28.9,62.0,2026-09-02T19:07:42.422932+00:00
32,24.55055135615405,-81.7798969687321,28.9,62.0,2026-09-02T19:07:42.622932+00:00
33,24.550552876876036,-81.77989382523728,29.0,62.0,2026-09-02T19:07:42.822932+00:00
34,24.55055439811703,-81.77989068204595,29.0,62.0,2026-09-02T19:07:43.022932+00:00
35,24.550555920124307,-81.77988753930298,29.0,62.0,2026-09-02T19:07:43.222932+00:00
36,24.550557443143138,-81.77988439715233,29.1,61.9,2026-09-02T19:07:43.422932+00:00
37,24.550558967416126,-81.77988125573677,29.1,61.9,2026-09-02T19:07:43.622932+00:00
38,24.550560493182566,-81.77987811519758,29.1,61.9,2026-09-02T19:07:43.822932+00:00
39,24.550562020677816,-81.77987497567425,29.1,61.9,2026-09-02T19:07:44.022932+00:00
40,24.55056355013269,-81.7798718373042,29.2,61.8,2026-09-02T19:07:44.222932+00:00
41,24.550565081772856,-81.7798687002225,29.2,61.8,2026-09-02T19:07:44.422932+00:00
42,24.550566615818237,-81.77986556456153,29.2,61.7,2026-09-02T19:07:44.622932+00:00
43,24.55056815248245,-81.77986243045078,29.3,61.7,2026-09-02T19:07:44.822932+00:00
44,24.55056969197225,-81.77985929801643,29.3,61.6,2026-09-02T19:07:45.022932+00:00
45,24.550571234486995,-81.77985616738121,29.3,61.6,2026-09-02T19:07:45.222932+00:00
46,24.550572780218143,-81.77985303866399,29.3,61.5,2026-09-02T19:07:45.422932+00:00
47,24.55057432934876,-81.77984991197955,29.4,61.4,2026-09-02T19:07:45.622932+00:00
48,24.55057588205306,-81.77984678743833,29.4,61.4,2026-09-02T19:07:45.822932+00:00
49,24.55057743849596,-81.7798436651461,29.4,61.3,2026-09-02T19:07:46.022932+00:00
50,24.550578998832677,-81.77984054520371,29.4,61.2,2026-09-02T19:07:46.222932+00:00
51,24.550580563208353,-81.77983742770684,29.5,61.1,2026-09-02T19:07:46.422932+00:00
52,24.550582131757672,-81.77983431274569,29.5,61.0,2026-09-02T19:07:46.622932+00:00
53,24.550583704604563,-81.7798312004048,29.5,60.9,2026-09-02T19:07:46.822932+00:00
54,24.550585281861895,-81.77982809076273,29.5,60.9,2026-09-02T19:07:47.022932+00:00
55,24.550586863631217,-81.7798249838919,29.6,60.8,2026-09-02T19:07:47.222932+00:00
56,24.550588450002515,-81.77982187985829,29.6,60.7,2026-09-02T19:07:47.422932+00:00
57,24.550590041054022,-81.77981877872124,29.6,60.6,2026-09-02T19:07:47.622932+00:00
58,24.550591636852047,-81.7798156805333,29.6,60.5,2026-09-02T19:07:47.822932+00:00
59,24.550593237450844,-81.77981258534,29.7,60.4,2026-09-02T19:07:48.022932+00:00
60,24.55059484289248,-81.77980949317961,29.7,60.3,2026-09-02T19:07:48.222932+00:00
61,24.550596453206808,-81.77980640408313,29.7,60.2,2026-09-02T19:07:48.422932+00:00
62,24.55059806841138,-81.77980331807399,29.7,60.1,2026-09-02T19:07:48.622932+00:00
63,24.550599688511472,-81.779800235168,29.8,60.0,2026-09-02T19:07:48.822932+00:00
64,24.550601313500103,-81.77979715537325,29.8,59.9,2026-09-02T19:07:49.022932+00:00
65,24.550602943358076,-81.77979407868997,29.8,59.8,2026-09-02T19:07:49.222932+00:00
66,24.550604578054067,-81.77979100511052,29.8,59.7,2026-09-02T19:07:49.422932+00:00
67,24.550606217544747,-81.77978793461929,29.9,59.6,2026-09-02T19:07:49.622932+00:00
68,24.550607861774925,-81.77978486719267,29.9,59.5,2026-09-02T19:07:49.822932+00:00
69,24.550609510677717,-81.77978180279909,29.9,59.4,2026-09-02T19:07:50.022932+00:00
70,24.55061116417474,-81.77977874139899,29.9,59.3,2026-09-02T19:07:50.222932+00:00
71,24.55061282217637,-81.77977568294494,30.0,59.2,2026-09-02T19:07:50.422932+00:00
72,24.55061448458195,-81.77977262738162,30.0,59.1,2026-09-02T19:07:50.622932+00:00
73,24.550616151280103,-81.77976957464591,30.0,59.0,2026-09-02T19:07:50.822932+00:00
74,24.55061782214903,-81.77976652466711,30.0,58.9,2026-09-02T19:07:51.022932+00:00
75,24.550619497056818,-81.77976347736698,30.0,58.9,2026-09-02T19:07:51.222932+00:00
76,24.550621175861817,-81.77976043265993,30.1,58.8,2026-09-02T19:07:51.422932+00:00
77,24.55062285841299,-81.77975739045323,30.1,58.7,2026-09-02T19:07:51.622932+00:00
78,24.550624544550292,-81.77975435064724,30.1,58.6,2026-09-02T19:07:51.822932+00:00
79,24.550626234105106,-81.77975131313558,30.1,58.6,2026-09-02T19:07:52.022932+00:00
80,24.550627926900642,-81.77974827780545,30.2,58.5,2026-09-02T19:07:52.222932+00:00
81,24.550629622752403,-81.77974524453795,30.2,58.4,2026-09-02T19:07:52.422932+00:00
82,24.55063132146861,-81.7797422132083,30.2,58.4,2026-09-02T19:07:52.622932+00:00
83,24.550633022850707,-81.77973918368619,30.2,58.3,2026-09-02T19:07:52.822932+00:00
84,24.550634726693826,-81.77973615583623,30.2,58.3,2026-09-02T19:07:53.022932+00:00
85,24.55063643278728,-81.77973312951818,30.3,58.2,2026-09-02T19:07:53.222932+00:00
86,24.550638140915083,-81.7797301045874,30.3,58.2,2026-09-02T19:07:53.422932+00:00
87,24.550639850856463,-81.77972708089528,30.3,58.1,2026-09-02T19:07:53.622932+00:00
88,24.550641562386392,-81.77972405828962,30.3,58.1,2026-09-02T19:07:53.822932+00:00
89,24.550643275276105,-81.77972103661506,30.3,58.1,2026-09-02T19:07:54.022932+00:00
90,24.550644989293655,-81.77971801571356,30.3,58.0,2026-09-02T19:07:54.222932+00:00
91,24.55064670420445,-81.7797149954248,30.4,58.0,2026-09-02T19:07:54.422932+00:00
92,24.55064841977181,-81.7797119755867,30.4,58.0,2026-09-02T19:07:54.622932+00:00
93,24.550650135757532,-81.77970895603586,30.4,58.0,2026-09-02T19:07:54.822932+00:00
94,24.55065185192242,-81.77970593660805,30.4,58.0,2026-09-02T19:07:55.022932+00:00
95,24.550653568026867,-81.77970291713869,30.4,58.0,2026-09-02T19:07:55.222932+00:00
96,24.550655283831404,-81.77969989746329,30.5,58.0,2026-09-02T19:07:55.422932+00:00
97,24.550656999097257,-81.77969687741799,30.5,58.0,2026-09-02T19:07:55.622932+00:00
98,24.550658713586927,-81.77969385683998,30.5,58.0,2026-09-02T19:07:55.822932+00:00
99,24.550660427064717,-81.77969083556803,30.5,58.1,2026-09-02T19:07:56.022932+00:00
100,24.5506621392973,-81.7796878134429,30.5,58.1,2026-09-02T19:07:56.222932+00:00
101,24.550663850054278,-81.77968479030785,30.5,58.1,2026-09-02T19:07:56.422932+00:00
102,24.550665559108687,-81.77968176600908,30.6,58.1,2026-09-02T19:07:56.622932+00:00
103,24.550667266237593,-81.77967874039611,30.6,58.2,2026-09-02T19:07:56.822932+00:00
104,24.55066897122256,-81.7796757133223,30.6,58.2,2026-09-02T19:07:57.022932+00:00
105,24.55067067385022,-81.7796726846452,30.6,58.3,2026-09-02T19:07:57.222932+00:00
106,24.550672373912754,-81.77966965422695,30.6,58.3,2026-09-02T19:07:57.422932+00:00
107,24.550674071208423,-81.77966662193465,30.6,58.4,2026-09-02T19:07:57.622932+00:00
108,24.550675765542024,-81.77966358764078,30.6,58.5,2026-09-02T19:07:57.822932+00:00
109,24.5506774567254,-81.77966055122347,30.7,58.5,2026-09-02T19:07:58.022932+00:00
110,24.550679144577877,-81.77965751256686,30.7,58.6,2026-09-02T19:07:58.222932+00:00
111,24.55068082892674,-81.77965447156134,30.7,58.7,2026-09-02T19:07:58.422932+00:00
112,24.55068250960764,-81.77965142810393,30.7,58.7,2026-09-02T19:07:58.622932+00:00
113,24.550684186465023,-81.7796483820984,30.7,58.8,2026-09-02T19:07:58.822932+00:00
114,24.55068585935255,-81.77964533345563,30.7,58.9,2026-09-02T19:07:59.022932+00:00
115,24.55068752813343,-81.77964228209373,30.7,59.0,2026-09-02T19:07:59.222932+00:00
116,24.55068919268081,-81.77963922793822,30.8,59.1,2026-09-02T19:07:59.422932+00:00
117,24.55069085287811,-81.77963617092219,30.8,59.2,2026-09-02T19:07:59.622932+00:00
118,24.550692508619328,-81.7796331109865,30.8,59.3,2026-09-02T19:07:59.822932+00:00
119,24.55069415980934,-81.77963004807977,30.8,59.3,2026-09-02T19:08:00.022932+00:00
120,24.550695806364153,-81.7796269821585,30.8,59.4,2026-09-02T19:08:00.222932+00:00
121,24.550697448211167,-81.7796239131872,30.8,59.5,2026-09-02T19:08:00.422932+00:00
122,24.550699085289374,-81.77962084113828,30.8,59.6,2026-09-02T19:08:00.622932+00:00
123,24.55070071754954,-81.77961776599221,30.8,59.7,2026-09-02T19:08:00.822932+00:00
124,24.55070234495437,-81.77961468773738,30.8,59.8,2026-09-02T19:08:01.022932+00:00
125,24.550703967478665,-81.77961160637014,30.8,59.9,2026-09-02T19:08:01.222932+00:00
126,24.55070558510937,-81.77960852189467,30.9,60.0,2026-09-02T19:08:01.422932+00:00
127,24.550707197845668,-81.77960543432299,30.9,60.1,2026-09-02T19:08:01.622932+00:00
128,24.550708805699045,-81.77960234367475,30.9,60.2,2026-09-02T19:08:01.822932+00:00
129,24.550710408693256,-81.77959924997724,30.9,60.3,2026-09-02T19:08:02.022932+00:00
130,24.550712006864323,-81.77959615326512,30.9,60.4,2026-09-02T19:08:02.222932+00:00
131,24.550713600260476,-81.77959305358037,30.9,60.5,2026-09-02T19:08:02.422932+00:00
132,24.550715188942057,-81.77958995097207,30.9,60.6,2026-09-02T19:08:02.622932+00:00
133,24.550716772981417,-81.77958684549621,30.9,60.7,2026-09-02T19:08:02.822932+00:00
134,24.55071835246273,-81.77958373721552,30.9,60.8,2026-09-02T19:08:03.022932+00:00
135,24.55071992748185,-81.77958062619926,30.9,60.9,2026-09-02T19:08:03.222932+00:00
136,24.55072149814606,-81.77957751252298,30.9,61.0,2026-09-02T19:08:03.422932+00:00
137,24.550723064573848,-81.77957439626826,30.9,61.1,2026-09-02T19:08:03.622932+00:00
138,24.55072462689461,-81.77957127752252,30.9,61.2,2026-09-02T19:08:03.822932+00:00
139,24.55072618524835,-81.77956815637882,31.0,61.2,2026-09-02T19:08:04.022932+00:00
140,24.55072773978533,-81.77956503293542,31.0,61.3,2026-09-02T19:08:04.222932+00:00
141,24.550729290665707,-81.77956190729572,31.0,61.4,2026-09-02T19:08:04.422932+00:00
142,24.550730838059156,-81.77955877956785,31.0,61.5,2026-09-02T19:08:04.622932+00:00
143,24.550732382144403,-81.77955564986449,31.0,61.5,2026-09-02T19:08:04.822932+00:00
144,24.550733923108808,-81.77955251830254,31.0,61.6,2026-09-02T19:08:05.022932+00:00
145,24.550735461147873,-81.77954938500282,31.0,61.6,2026-09-02T19:08:05.222932+00:00
146,24.550736996464757,-81.77954625008985,31.0,61.7,2026-09-02T19:08:05.422932+00:00
147,24.550738529269744,-81.77954311369152,31.0,61.8,2026-09-02T19:08:05.622932+00:00
148,24.5507400597797,-81.77953997593882,31.0,61.8,2026-09-02T19:08:05.822932+00:00
149,24.550741588217516,-81.77953683696549,31.0,61.8,2026-09-02T19:08:06.022932+00:00
150,24.550743114811535,-81.77953369690785,31.0,61.9,2026-09-02T19:08:06.222932+00:00
151,24.550744639794935,-81.7795305559044,31.0,61.9,2026-09-02T19:08:06.422932+00:00
152,24.550746163405144,-81.77952741409557,31.0,61.9,2026-09-02T19:08:06.622932+00:00
153,24.550747685883206,-81.77952427162342,31.0,62.0,2026-09-02T19:08:06.822932+00:00
154,24.550749207473142,-81.77952112863136,31.0,62.0,2026-09-02T19:08:07.022932+00:00
155,24.550750728421313,-81.77951798526384,31.0,62.0,2026-09-02T19:08:07.222932+00:00
156,24.55075224897579,-81.77951484166607,31.0,62.0,2026-09-02T19:08:07.422932+00:00
157,24.550753769385665,-81.77951169798375,31.0,62.0,2026-09-02T19:08:07.622932+00:00
158,24.550755289900415,-81.77950855436269,31.0,62.0,2026-09-02T19:08:07.822932+00:00
159,24.55075681076925,-81.77950541094862,31.0,62.0,2026-09-02T19:08:08.022932+00:00
160,24.55075833224043,-81.77950226788684,31.0,62.0,2026-09-02T19:08:08.222932+00:00
161,24.55075985456064,-81.77949912532195,31.0,62.0,2026-09-02T19:08:08.422932+00:00
162,24.55076137797431,-81.77949598339755,31.0,61.9,2026-09-02T19:08:08.622932+00:00
163,24.550762902723015,-81.77949284225592,31.0,61.9,2026-09-02T19:08:08.822932+00:00
164,24.550764429044786,-81.77948970203778,31.0,61.9,2026-09-02T19:08:09.022932+00:00
165,24.550765957173528,-81.77948656288197,31.0,61.8,2026-09-02T19:08:09.222932+00:00
166,24.550767487338398,-81.77948342492515,31.0,61.8,2026-09-02T19:08:09.422932+00:00
167,24.550769019763184,-81.77948028830151,31.0,61.8,2026-09-02T19:08:09.622932+00:00
168,24.550770554665753,-81.77947715314251,31.0,61.7,2026-09-02T19:08:09.822932+00:00
169,24.550772092257475,-81.77947401957653,31.0,61.7,2026-09-02T19:08:10.022932+00:00
170,24.55077363274268,-81.77947088772864,31.0,61.6,2026-09-02T19:08:10.222932+00:00
171,24.550775176318123,-81.77946775772028,31.0,61.5,2026-09-02T19:08:10.422932+00:00
172,24.550776723172493,-81.77946462966901,31.0,61.5,2026-09-02T19:08:10.622932+00:00
173,24.55077827348593,-81.77946150368815,31.0,61.4,2026-09-02T19:08:10.822932+00:00
174,24.55077982742957,-81.77945837988662,31.0,61.3,2026-09-02T19:08:11.022932+00:00
175,24.55078138516511,-81.77945525836856,31.0,61.2,2026-09-02T19:08:11.222932+00:00
176,24.550782946844418,-81.7794521392331,30.9,61.2,2026-09-02T19:08:11.422932+00:00
177,24.55078451260916,-81.77944902257413,30.9,61.1,2026-09-02T19:08:11.622932+00:00
178,24.55078608259044,-81.77944590847996,30.9,61.0,2026-09-02T19:08:11.822932+00:00
179,24.550787656908497,-81.77944279703316,30.9,60.9,2026-09-02T19:08:12.022932+00:00
180,24.550789235672422,-81.77943968831023,30.9,60.8,2026-09-02T19:08:12.222932+00:00
181,24.550790818979895,-81.77943658238146,30.9,60.7,2026-09-02T19:08:12.422932+00:00
182,24.55079240691698,-81.77943347931063,30.9,60.6,2026-09-02T19:08:12.622932+00:00
183,24.55079399955791,-81.77943037915482,30.9,60.5,2026-09-02T19:08:12.822932+00:00
184,24.55079559696496,-81.7794272819642,30.9,60.4,2026-09-02T19:08:13.022932+00:00
185,24.55079719918828,-81.77942418778191,30.9,60.3,2026-09-02T19:08:13.222932+00:00
186,24.550798806265853,-81.7794210966438,30.9,60.2,2026-09-02T19:08:13.422932+00:00
187,24.55080041822339,-81.77941800857832,30.9,60.1,2026-09-02T19:08:13.622932+00:00
188,24.550802035074312,-81.77941492360637,30.9,60.0,2026-09-02T19:08:13.822932+00:00
189,24.550803656819784,-81.77941184174115,30.8,59.9,2026-09-02T19:08:14.022932+00:00
190,24.550805283448693,-81.77940876298815,30.8,59.8,2026-09-02T19:08:14.222932+00:00
191,24.55080691493776,-81.77940568734493,30.8,59.8,2026-09-02T19:08:14.422932+00:00
192,24.550808551251606,-81.77940261480117,30.8,59.7,2026-09-02T19:08:14.622932+00:00
193,24.550810192342897,-81.77939954533858,30.8,59.6,2026-09-02T19:08:14.822932+00:00
194,24.550811838152487,-81.77939647893089,30.8,59.5,2026-09-02T19:08:15.022932+00:00
195,24.550813488609602,-81.77939341554384,30.8,59.4,2026-09-02T19:08:15.222932+00:00
196,24.550815143632057,-81.7793903551352,30.8,59.3,2026-09-02T19:08:15.422932+00:00
197,24.550816803126477,-81.77938729765489,30.8,59.2,2026-09-02T19:08:15.622932+00:00
198,24.55081846698858,-81.77938424304493,30.8,59.1,2026-09-02T19:08:15.822932+00:00
199,24.55082013510344,-81.77938119123968,30.7,59.0,2026-09-02T19:08:16.022932+00:00
200,24.550821807345827,-81.77937814216584,30.7,58.9,2026-09-02T19:08:16.222932+00:00
201,24.550823483580512,-81.77937509574271,30.7,58.8,2026-09-02T19:08:16.422932+00:00
202,24.55082516366264,-81.77937205188226,30.7,58.7,2026-09-02T19:08:16.622932+00:00
203,24.5508268474381,-81.77936901048943,30.7,58.7,2026-09-02T19:08:16.822932+00:00
204,24.550828534743925,-81.77936597146225,30.7,58.6,2026-09-02T19:08:17.022932+00:00
205,24.5508302254087,-81.77936293469222,30.7,58.5,2026-09-02T19:08:17.222932+00:00
206,24.550831919252985,-81.77935990006439,30.6,58.5,2026-09-02T19:08:17.422932+00:00
207,24.55083361608979,-81.77935686745785,30.6,58.4,2026-09-02T19:08:17.622932+00:00
208,24.55083531572501,-81.77935383674597,30.6,58.3,2026-09-02T19:08:17.822932+00:00
209,24.550837017957896,-81.77935080779666,30.6,58.3,2026-09-02T19:08:18.022932+00:00
210,24.550838722581574,-81.77934778047283,30.6,58.2,2026-09-02T19:08:18.222932+00:00
211,24.55084042938352,-81.77934475463275,30.6,58.2,2026-09-02T19:08:18.422932+00:00
212,24.55084213814608,-81.77934173013038,30.6,58.2,2026-09-02T19:08:18.622932+00:00
213,24.55084384864699,-81.77933870681588,30.5,58.1,2026-09-02T19:08:18.822932+00:00
214,24.55084556065991,-81.77933568453592,30.5,58.1,2026-09-02T19:08:19.022932+00:00
215,24.55084727395493,-81.77933266313418,30.5,58.1,2026-09-02T19:08:19.222932+00:00
216,24.550848988299165,-81.77932964245183,30.5,58.0,2026-09-02T19:08:19.422932+00:00
217,24.55085070345726,-81.77932662232789,30.5,58.0,2026-09-02T19:08:19.622932+00:00
218,24.550852419191965,-81.77932360259979,30.5,58.0,2026-09-02T19:08:19.822932+00:00
219,24.550854135264668,-81.7793205831038,30.4,58.0,2026-09-02T19:08:20.022932+00:00
220,24.550855851435976,-81.77931756367549,30.4,58.0,2026-09-02T19:08:20.222932+00:00
221,24.550857567466263,-81.77931454415027,30.4,58.0,2026-09-02T19:08:20.422932+00:00
222,24.550859283116235,-81.77931152436382,30.4,58.0,2026-09-02T19:08:20.622932+00:00
223,24.55086099814749,-81.77930850415257,30.4,58.0,2026-09-02T19:08:20.822932+00:00
224,24.55086271232307,-81.7793054833542,30.4,58.0,2026-09-02T19:08:21.022932+00:00
225,24.55086442540801,-81.77930246180807,30.3,58.1,2026-09-02T19:08:21.222932+00:00
226,24.550866137169912,-81.77929943935575,30.3,58.1,2026-09-02T19:08:21.422932+00:00
227,24.550867847379465,-81.77929641584146,30.3,58.1,2026-09-02T19:08:21.622932+00:00
228,24.55086955581101,-81.77929339111243,30.3,58.2,2026-09-02T19:08:21.822932+00:00
229,24.550871262243053,-81.77929036501945,30.3,58.2,2026-09-02T19:08:22.022932+00:00
230,24.55087296645882,-81.77928733741723,30.2,58.2,2026-09-02T19:08:22.222932+00:00
231,24.550874668246742,-81.77928430816482,30.2,58.3,2026-09-02T19:08:22.422932+00:00
232,24.550876367401,-81.77928127712599,30.2,58.4,2026-09-02T19:08:22.622932+00:00
233,24.55087806372199,-81.77927824416962,30.2,58.4,2026-09-02T19:08:22.822932+00:00
234,24.550879757016823,-81.77927520917002,30.2,58.5,2026-09-02T19:08:23.022932+00:00
235,24.550881447099815,-81.77927217200735,30.1,58.5,2026-09-02T19:08:23.222932+00:00
236,24.550883133792915,-81.77926913256779,30.1,58.6,2026-09-02T19:08:23.422932+00:00
237,24.55088481692617,-81.77926609074395,30.1,58.7,2026-09-02T19:08:23.622932+00:00
238,24.550886496338162,-81.77926304643506,30.1,58.8,2026-09-02T19:08:23.822932+00:00
239,24.550888171876377,-81.7792599995473,30.0,58.8,2026-09-02T19:08:24.022932+00:00
240,24.55088984339764,-81.77925694999394,30.0,58.9,2026-09-02T19:08:24.222932+00:00
241,24.550891510768473,-81.77925389769554,30.0,59.0,2026-09-02T19:08:24.422932+00:00
242,24.550893173865443,-81.77925084258018,30.0,59.1,2026-09-02T19:08:24.622932+00:00
243,24.550894832575487,-81.77924778458356,30.0,59.2,2026-09-02T19:08:24.822932+00:00
244,24.550896486796233,-81.77924472364909,29.9,59.3,2026-09-02T19:08:25.022932+00:00
245,24.550898136436267,-81.77924165972807,29.9,59.4,2026-09-02T19:08:25.222932+00:00
246,24.550899781415406,-81.77923859277969,29.9,59.5,2026-09-02T19:08:25.422932+00:00
247,24.55090142166493,-81.7792355227711,29.9,59.6,2026-09-02T19:08:25.622932+00:00
248,24.55090305712776,-81.77923244967744,29.8,59.7,2026-09-02T19:08:25.822932+00:00
249,24.550904687758667,-81.77922937348181,29.8,59.8,2026-09-02T19:08:26.022932+00:00
250,24.55090631352442,-81.77922629417533,29.8,59.9,2026-09-02T19:08:26.222932+00:00
251,24.550907934403874,-81.77922321175696,29.8,60.0,2026-09-02T19:08:26.422932+00:00
252,24.550909550388095,-81.77922012623353,29.7,60.1,2026-09-02T19:08:26.622932+00:00
253,24.55091116148041,-81.77921703761962,29.7,60.2,2026-09-02T19:08:26.822932+00:00
254,24.550912767696417,-81.7792139459375,29.7,60.3,2026-09-02T19:08:27.022932+00:00
255,24.55091436906401,-81.77921085121693,29.7,60.4,2026-09-02T19:08:27.222932+00:00
256,24.55091596562332,-81.77920775349507,29.6,60.5,2026-09-02T19:08:27.422932+00:00
257,24.550917557426658,-81.7792046528163,29.6,60.6,2026-09-02T19:08:27.622932+00:00
258,24.550919144538423,-81.77920154923204,29.6,60.7,2026-09-02T19:08:27.822932+00:00
259,24.550920727034956,-81.77919844280058,29.6,60.7,2026-09-02T19:08:28.022932+00:00
260,24.55092230500439,-81.77919533358684,29.5,60.8,2026-09-02T19:08:28.222932+00:00
261,24.550923878546445,-81.77919222166224,29.5,60.9,2026-09-02T19:08:28.422932+00:00
262,24.550925447772205,-81.77918910710439,29.5,61.0,2026-09-02T19:08:28.622932+00:00
263,24.55092701280385,-81.77918598999686,29.5,61.1,2026-09-02T19:08:28.822932+00:00
264,24.550928573774385,-81.779182870429,29.4,61.2,2026-09-02T19:08:29.022932+00:00
265,24.5509301308273,-81.77917974849562,29.4,61.3,2026-09-02T19:08:29.222932+00:00
266,24.550931684116232,-81.77917662429677,29.4,61.3,2026-09-02T19:08:29.422932+00:00
267,24.550933233804585,-81.77917349793745,29.4,61.4,2026-09-02T19:08:29.622932+00:00
268,24.550934780065116,-81.77917036952738,29.3,61.5,2026-09-02T19:08:29.822932+00:00
269,24.550936323079515,-81.77916723918067,29.3,61.5,2026-09-02T19:08:30.022932+00:00
270,24.550937863037934,-81.77916410701556,29.3,61.6,2026-09-02T19:08:30.222932+00:00
271,24.550939400138507,-81.77916097315418,29.3,61.7,2026-09-02T19:08:30.422932+00:00
272,24.550940934586848,-81.77915783772218,29.2,61.7,2026-09-02T19:08:30.622932+00:00
273,24.550942466595515,-81.77915470084854,29.2,61.8,2026-09-02T19:08:30.822932+00:00
274,24.550943996383467,-81.77915156266519,29.2,61.8,2026-09-02T19:08:31.022932+00:00
275,24.55094552417549,-81.7791484233068,29.1,61.9,2026-09-02T19:08:31.222932+00:00
276,24.550947050201618,-81.77914528291043,29.1,61.9,2026-09-02T19:08:31.422932+00:00
277,24.550948574696534,-81.77914214161527,29.1,61.9,2026-09-02T19:08:31.622932+00:00
278,24.550950097898948,-81.77913899956233,29.1,61.9,2026-09-02T19:08:31.822932+00:00
279,24.550951620050974,-81.77913585689419,29.0,62.0,2026-09-02T19:08:32.022932+00:00
280,24.550953141397496,-81.77913271375459,29.0,62.0,2026-09-02T19:08:32.222932+00:00
281,24.550954662185525,-81.7791295702883,29.0,62.0,2026-09-02T19:08:32.422932+00:00
282,24.550956182663537,-81.77912642664073,28.9,62.0,2026-09-02T19:08:32.622932+00:00
283,24.550957703080837,-81.77912328295763,28.9,62.0,2026-09-02T19:08:32.822932+00:00
284,24.55095922368689,-81.77912013938483,28.9,62.0,2026-09-02T19:08:33.022932+00:00
285,24.55096074473064,-81.77911699606794,28.9,62.0,2026-09-02T19:08:33.222932+00:00
286,24.550962266459912,-81.77911385315207,28.8,62.0,2026-09-02T19:08:33.422932+00:00
287,24.550963789120697,-81.77911071078151,28.8,62.0,2026-09-02T19:08:33.622932+00:00
288,24.55096531295654,-81.77910756909944,28.8,61.9,2026-09-02T19:08:33.822932+00:00
289,24.55096683820788,-81.77910442824768,28.7,61.9,2026-09-02T19:08:34.022932+00:00
290,24.550968365111448,-81.7791012883663,28.7,61.9,2026-09-02T19:08:34.222932+00:00
291,24.55096989389961,-81.7790981495935,28.7,61.8,2026-09-02T19:08:34.422932+00:00
292,24.550971424799776,-81.77909501206507,28.7,61.8,2026-09-02T19:08:34.622932+00:00
293,24.550972958033825,-81.77909187591438,28.6,61.7,2026-09-02T19:08:34.822932+00:00
294,24.550974493817492,-81.77908874127183,28.6,61.7,2026-09-02T19:08:35.022932+00:00
295,24.550976032359838,-81.77908560826477,28.6,61.6,2026-09-02T19:08:35.222932+00:00
296,24.550977573862703,-81.77908247701706,28.5,61.6,2026-09-02T19:08:35.422932+00:00
297,24.550979118520186,-81.77907934764886,28.5,61.5,2026-09-02T19:08:35.622932+00:00
298,24.55098066651815,-81.77907622027635,28.5,61.4,2026-09-02T19:08:35.822932+00:00
299,24.550982218033763,-81.7790730950114,28.5,61.4,2026-09-02T19:08:36.022932+00:00
300,24.550983773235025,-81.77906997196133,28.4,61.3,2026-09-02T19:08:36.222932+00:00
301,24.550985332280387,-81.77906685122866,28.4,61.2,2026-09-02T19:08:36.422932+00:00
302,24.550986895318314,-81.77906373291077,28.4,61.1,2026-09-02T19:08:36.622932+00:00
303,24.550988462486956,-81.7790606170997,28.3,61.1,2026-09-02T19:08:36.822932+00:00
304,24.550990033913795,-81.77905750388187,28.3,61.0,2026-09-02T19:08:37.022932+00:00
305,24.550991609715357,-81.77905439333782,28.3,60.9,2026-09-02T19:08:37.222932+00:00
306,24.55099318999692,-81.77905128554198,28.2,60.8,2026-09-02T19:08:37.422932+00:00
307,24.550994774852285,-81.7790481805625,28.2,60.7,2026-09-02T19:08:37.622932+00:00
308,24.550996364363552,-81.77904507846091,28.2,60.6,2026-09-02T19:08:37.822932+00:00
309,24.55099795860095,-81.779041979292,28.2,60.5,2026-09-02T19:08:38.022932+00:00
310,24.55099955762268,-81.7790388831036,28.1,60.4,2026-09-02T19:08:38.222932+00:00
311,24.551001161474833,-81.77903578993639,28.1,60.3,2026-09-02T19:08:38.422932+00:00
312,24.55100277019125,-81.77903269982377,28.1,60.2,2026-09-02T19:08:38.622932+00:00
313,24.551004383793515,-81.77902961279166,28.0,60.1,2026-09-02T19:08:38.822932+00:00
314,24.55100600229093,-81.7790265288584,28.0,60.0,2026-09-02T19:08:39.022932+00:00
315,24.551007625680516,-81.7790234480346,28.0,59.9,2026-09-02T19:08:39.222932+00:00
316,24.551009253947065,-81.77902037032305,27.9,59.8,2026-09-02T19:08:39.422932+00:00
317,24.551010887063217,-81.77901729571873,27.9,59.7,2026-09-02T19:08:39.622932+00:00
318,24.55101252498956,-81.77901422420862,27.9,59.6,2026-09-02T19:08:39.822932+00:00
319,24.551014167674765,-81.77901115577174,27.9,59.5,2026-09-02T19:08:40.022932+00:00
320,24.55101581505576,-81.77900809037912,27.8,59.4,2026-09-02T19:08:40.222932+00:00
321,24.551017467057907,-81.77900502799383,27.8,59.3,2026-09-02T19:08:40.422932+00:00
322,24.55101912359522,-81.779001968571,27.8,59.2,2026-09-02T19:08:40.622932+00:00
323,24.55102078457064,-81.77899891205786,27.7,59.1,2026-09-02T19:08:40.822932+00:00
324,24.551022449876257,-81.77899585839386,27.7,59.1,2026-09-02T19:08:41.022932+00:00
325,24.551024119393663,-81.77899280751076,27.7,59.0,2026-09-02T19:08:41.222932+00:00
326,24.551025792994206,-81.77898975933277,27.6,58.9,2026-09-02T19:08:41.422932+00:00
327,24.551027470539395,-81.7789867137767,27.6,58.8,2026-09-02T19:08:41.622932+00:00
328,24.551029151881213,-81.77898367075213,27.6,58.7,2026-09-02T19:08:41.822932+00:00
329,24.55103083686253,-81.77898063016164,27.6,58.6,2026-09-02T19:08:42.022932+00:00
330,24.55103252531749,-81.77897759190104,27.5,58.6,2026-09-02T19:08:42.222932+00:00
331,24.551034217071923,-81.7789745558596,27.5,58.5,2026-09-02T19:08:42.422932+00:00
332,24.551035911943806,-81.77897152192038,27.5,58.4,2026-09-02T19:08:42.622932+00:00
333,24.5510376097437,-81.77896848996049,27.4,58.4,2026-09-02T19:08:42.822932+00:00
334,24.551039310275215,-81.77896545985142,27.4,58.3,2026-09-02T19:08:43.022932+00:00
335,24.551041013335485,-81.77896243145938,27.4,58.3,2026-09-02T19:08:43.222932+00:00
336,24.55104271871568,-81.77895940464566,27.3,58.2,2026-09-02T19:08:43.422932+00:00
337,24.551044426201504,-81.77895637926703,27.3,58.2,2026-09-02T19:08:43.622932+00:00
338,24.551046135573678,-81.77895335517614,27.3,58.1,2026-09-02T19:08:43.822932+00:00
339,24.551047846608515,-81.77895033222191,27.3,58.1,2026-09-02T19:08:44.022932+00:00
340,24.551049559078415,-81.77894731024996,27.2,58.1,2026-09-02T19:08:44.222932+00:00
341,24.551051272752407,-81.7789442891031,27.2,58.1,2026-09-02T19:08:44.422932+00:00
342,24.551052987396712,-81.77894126862168,27.2,58.0,2026-09-02T19:08:44.622932+00:00
343,24.551054702775275,-81.77893824864418,27.1,58.0,2026-09-02T19:08:44.822932+00:00
344,24.551056418650322,-81.77893522900754,27.1,58.0,2026-09-02T19:08:45.022932+00:00
345,24.551058134782924,-81.77893220954778,27.1,58.0,2026-09-02T19:08:45.222932+00:00
346,24.55105985093354,-81.77892919010036,27.1,58.0,2026-09-02T19:08:45.422932+00:00
347,24.551061566862604,-81.7789261705007,27.0,58.0,2026-09-02T19:08:45.622932+00:00
348,24.551063282331054,-81.77892315058469,27.0,58.0,2026-09-02T19:08:45.822932+00:00
349,24.55106499710091,-81.77892013018914,27.0,58.0,2026-09-02T19:08:46.022932+00:00
350,24.551066710935814,-81.77891710915223,26.9,58.0,2026-09-02T19:08:46.222932+00:00
351,24.55106842360162,-81.77891408731402,26.9,58.1,2026-09-02T19:08:46.422932+00:00
352,24.551070134866894,-81.77891106451692,26.9,58.1,2026-09-02T19:08:46.622932+00:00
353,24.5510718445035,-81.7789080406061,26.9,58.1,2026-09-02T19:08:46.822932+00:00
354,24.55107355228712,-81.77890501542996,26.8,58.2,2026-09-02T19:08:47.022932+00:00
355,24.55107525799779,-81.77890198884054,26.8,58.2,2026-09-02T19:08:47.222932+00:00
356,24.551076961420424,-81.77889896069397,26.8,58.3,2026-09-02T19:08:47.422932+00:00
357,24.551078662345333,-81.77889593085084,26.8,58.3,2026-09-02T19:08:47.622932+00:00
358,24.551080360568733,-81.7788928991766,26.7,58.4,2026-09-02T19:08:47.822932+00:00
359,24.55108205589322,-81.77888986554193,26.7,58.4,2026-09-02T19:08:48.022932+00:00
360,24.551083748128285,-81.77888682982307,26.7,58.5,2026-09-02T19:08:48.222932+00:00
361,24.551085437090755,-81.77888379190213,26.6,58.6,2026-09-02T19:08:48.422932+00:00
362,24.551087122605253,-81.77888075166747,26.6,58.6,2026-09-02T19:08:48.622932+00:00
363,24.55108880450465,-81.7788777090139,26.6,58.7,2026-09-02T19:08:48.822932+00:00
364,24.551090482630475,-81.77887466384293,26.6,58.8,2026-09-02T19:08:49.022932+00:00
365,24.551092156833317,-81.77887161606313,26.5,58.9,2026-09-02T19:08:49.222932+00:00
366,24.551093826973222,-81.77886856559017,26.5,59.0,2026-09-02T19:08:49.422932+00:00
367,24.551095492920048,-81.77886551234715,26.5,59.0,2026-09-02T19:08:49.622932+00:00
368,24.551097154553812,-81.77886245626468,26.5,59.1,2026-09-02T19:08:49.822932+00:00
369,24.551098811765016,-81.77885939728102,26.4,59.2,2026-09-02T19:08:50.022932+00:00
370,24.551100464454944,-81.77885633534228,26.4,59.3,2026-09-02T19:08:50.222932+00:00
371,24.551102112535933,-81.77885327040237,26.4,59.4,2026-09-02T19:08:50.422932+00:00
372,24.55110375593163,-81.77885020242316,26.4,59.5,2026-09-02T19:08:50.622932+00:00
373,24.5511053945772,-81.77884713137448,26.3,59.6,2026-09-02T19:08:50.822932+00:00
374,24.551107028419537,-81.77884405723414,26.3,59.7,2026-09-02T19:08:51.022932+00:00
375,24.551108657417434,-81.77884097998798,26.3,59.8,2026-09-02T19:08:51.222932+00:00
376,24.551110281541707,-81.77883789962969,26.3,59.9,2026-09-02T19:08:51.422932+00:00
377,24.551111900775314,-81.77883481616095,26.2,60.0,2026-09-02T19:08:51.622932+00:00
378,24.55111351511344,-81.77883172959119,26.2,60.1,2026-09-02T19:08:51.822932+00:00
379,24.551115124563527,-81.7788286399376,26.2,60.2,2026-09-02T19:08:52.022932+00:00
380,24.55111672914532,-81.77882554722497,26.2,60.3,2026-09-02T19:08:52.222932+00:00
381,24.55111832889083,-81.77882245148555,26.1,60.4,2026-09-02T19:08:52.422932+00:00
382,24.551119923844293,-81.77881935275897,26.1,60.5,2026-09-02T19:08:52.622932+00:00
383,24.551121514062096,-81.77881625109198,26.1,60.6,2026-09-02T19:08:52.822932+00:00
384,24.551123099612678,-81.77881314653835,26.1,60.7,2026-09-02T19:08:53.022932+00:00
385,24.551124680576358,-81.77881003915863,26.0,60.8,2026-09-02T19:08:53.222932+00:00
386,24.551126257045194,-81.77880692901992,26.0,60.9,2026-09-02T19:08:53.422932+00:00
387,24.551127829122752,-81.77880381619576,26.0,61.0,2026-09-02T19:08:53.622932+00:00
388,24.551129396923876,-81.7788007007658,26.0,61.0,2026-09-02T19:08:53.822932+00:00
389,24.55113096057443,-81.77879758281559,26.0,61.1,2026-09-02T19:08:54.022932+00:00
390,24.551132520210963,-81.77879446243631,25.9,61.2,2026-09-02T19:08:54.222932+00:00
391,24.551134075980436,-81.77879133972458,25.9,61.3,2026-09-02T19:08:54.422932+00:00
392,24.55113562803981,-81.77878821478215,25.9,61.4,2026-09-02T19:08:54.622932+00:00
393,24.551137176555677,-81.77878508771565,25.9,61.4,2026-09-02T19:08:54.822932+00:00
394,24.55113872170385,-81.77878195863627,25.9,61.5,2026-09-02T19:08:55.022932+00:00
395,24.551140263668913,-81.77877882765956,25.8,61.6,2026-09-02T19:08:55.222932+00:00
396,24.55114180264376,-81.77877569490511,25.8,61.6,2026-09-02T19:08:55.422932+00:00
397,24.551143338829103,-81.77877256049626,25.8,61.7,2026-09-02T19:08:55.622932+00:00
398,24.551144872432946,-81.77876942455983,25.8,61.7,2026-09-02T19:08:55.822932+00:00
399,24.55114640367006,-81.77876628722578,25.7,61.8,2026-09-02T19:08:56.022932+00:00
400,24.551147932761435,-81.77876314862702,25.7,61.8,2026-09-02T19:08:56.222932+00:00
401,24.551149459933683,-81.77876000889907,25.7,61.9,2026-09-02T19:08:56.422932+00:00
402,24.551150985418474,-81.77875686817973,25.7,61.9,2026-09-02T19:08:56.622932+00:00
403,24.551152509451903,-81.77875372660883,25.7,61.9,2026-09-02T19:08:56.822932+00:00
404,24.551154032273907,-81.77875058432792,25.7,62.0,2026-09-02T19:08:57.022932+00:00
405,24.5511555541276,-81.77874744148004,25.6,62.0,2026-09-02T19:08:57.222932+00:00
406,24.55115707525865,-81.77874429820929,25.6,62.0,2026-09-02T19:08:57.422932+00:00
407,24.55115859591464,-81.7787411546607,25.6,62.0,2026-09-02T19:08:57.622932+00:00
408,24.551160116344395,-81.7787380109798,25.6,62.0,2026-09-02T19:08:57.822932+00:00
409,24.551161636797342,-81.77873486731241,25.6,62.0,2026-09-02T19:08:58.022932+00:00
410,24.551163157522847,-81.77873172380434,25.5,62.0,2026-09-02T19:08:58.222932+00:00
411,24.55116467876956,-81.77872858060107,25.5,62.0,2026-09-02T19:08:58.422932+00:00
412,24.551166200784746,-81.77872543784743,25.5,62.0,2026-09-02T19:08:58.622932+00:00
413,24.551167723813656,-81.77872229568739,25.5,61.9,2026-09-02T19:08:58.822932+00:00
414,24.55116924809886,-81.77871915426371,25.5,61.9,2026-09-02T19:08:59.022932+00:00
415,24.551170773879623,-81.77871601371764,25.5,61.9,2026-09-02T19:08:59.222932+00:00
416,24.55117230139126,-81.77871287418868,25.4,61.9,2026-09-02T19:08:59.422932+00:00
417,24.551173830864567,-81.77870973581423,25.4,61.8,2026-09-02T19:08:59.622932+00:00
418,24.551175362525132,-81.77870659872931,25.4,61.8,2026-09-02T19:08:59.822932+00:00
419,24.551176896592843,-81.77870346306631,25.4,61.7,2026-09-02T19:09:00.022932+00:00
420,24.551178433281255,-81.77870032895464,25.4,61.7,2026-09-02T19:09:00.222932+00:00
421,24.551179972797055,-81.77869719652051,25.4,61.6,2026-09-02T19:09:00.422932+00:00
422,24.551181515339536,-81.77869406588657,25.4,61.6,2026-09-02T19:09:00.622932+00:00
423,24.551183061100087,-81.77869093717167,25.3,61.5,2026-09-02T19:09:00.822932+00:00
424,24.55118461026169,-81.77868781049057,25.3,61.4,2026-09-02T19:09:01.022932+00:00
425,24.551186162998484,-81.77868468595366,25.3,61.4,2026-09-02T19:09:01.222932+00:00
426,24.551187719475294,-81.77868156366667,25.3,61.3,2026-09-02T19:09:01.422932+00:00
427,24.551189279847264,-81.77867844373041,25.3,61.2,2026-09-02T19:09:01.622932+00:00
428,24.551190844259427,-81.7786753262405,25.3,61.1,2026-09-02T19:09:01.822932+00:00
429,24.551192412846387,-81.7786722112871,25.3,61.0,2026-09-02T19:09:02.022932+00:00
430,24.55119398573197,-81.7786690989547,25.3,60.9,2026-09-02T19:09:02.222932+00:00
431,24.551195563028948,-81.77866598932182,25.2,60.9,2026-09-02T19:09:02.422932+00:00
432,24.55119714483876,-81.77866288246081,25.2,60.8,2026-09-02T19:09:02.622932+00:00
433,24.551198731251297,-81.77865977843756,25.2,60.7,2026-09-02T19:09:02.822932+00:00
434,24.551200322344695,-81.7786566773114,25.2,60.6,2026-09-02T19:09:03.022932+00:00
435,24.551201918185143,-81.77865357913481,25.2,60.5,2026-09-02T19:09:03.222932+00:00
436,24.55120351882678,-81.77865048395321,25.2,60.4,2026-09-02T19:09:03.422932+00:00
437,24.551205124311583,-81.77864739180488,25.2,60.3,2026-09-02T19:09:03.622932+00:00
438,24.55120673466928,-81.77864430272069,25.2,60.2,2026-09-02T19:09:03.822932+00:00
439,24.551208349917324,-81.77864121672404,25.2,60.1,2026-09-02T19:09:04.022932+00:00
440,24.55120997006089,-81.77863813383067,25.1,60.0,2026-09-02T19:09:04.222932+00:00
441,24.55121159509287,-81.77863505404858,25.1,59.9,2026-09-02T19:09:04.422932+00:00
442,24.55121322499397,-81.77863197737796,25.1,59.8,2026-09-02T19:09:04.622932+00:00
443,24.551214859732752,-81.77862890381105,25.1,59.7,2026-09-02T19:09:04.822932+00:00
444,24.551216499265788,-81.7786258333322,25.1,59.6,2026-09-02T19:09:05.022932+00:00
445,24.551218143537778,-81.77862276591775,25.1,59.5,2026-09-02T19:09:05.222932+00:00
446,24.551219792481735,-81.77861970153602,25.1,59.4,2026-09-02T19:09:05.422932+00:00
447,24.55122144601918,-81.77861664014742,25.1,59.3,2026-09-02T19:09:05.622932+00:00
448,24.55122310406038,-81.7786135817044,25.1,59.2,2026-09-02T19:09:05.822932+00:00
449,24.551224766504586,-81.77861052615161,25.1,59.1,2026-09-02T19:09:06.022932+00:00
450,24.551226433240334,-81.77860747342585,25.1,59.0,2026-09-02T19:09:06.222932+00:00
451,24.551228104145725,-81.77860442345634,25.1,58.9,2026-09-02T19:09:06.422932+00:00
452,24.551229779088768,-81.77860137616479,25.1,58.9,2026-09-02T19:09:06.622932+00:00
453,24.55123145792772,-81.77859833146555,25.0,58.8,2026-09-02T19:09:06.822932+00:00
454,24.55123314051146,-81.77859528926581,25.0,58.7,2026-09-02T19:09:07.022932+00:00
455,24.551234826679867,-81.77859224946586,25.0,58.6,2026-09-02T19:09:07.222932+00:00
456,24.551236516264257,-81.7785892119593,25.0,58.6,2026-09-02T19:09:07.422932+00:00
457,24.551238209087767,-81.77858617663325,25.0,58.5,2026-09-02T19:09:07.622932+00:00
458,24.551239904965822,-81.77858314336876,25.0,58.4,2026-09-02T19:09:07.822932+00:00
459,24.551241603706593,-81.77858011204098,25.0,58.4,2026-09-02T19:09:08.022932+00:00
460,24.551243305111463,-81.77857708251962,25.0,58.3,2026-09-02T19:09:08.222932+00:00
461,24.551245008975503,-81.77857405466915,25.0,58.3,2026-09-02T19:09:08.422932+00:00
462,24.55124671508798,-81.77857102834935,25.0,58.2,2026-09-02T19:09:08.622932+00:00
463,24.551248423232874,-81.77856800341553,25.0,58.2,2026-09-02T19:09:08.822932+00:00
464,24.55125013318936,-81.77856497971904,25.0,58.1,2026-09-02T19:09:09.022932+00:00
465,24.55125184473238,-81.77856195710763,25.0,58.1,2026-09-02T19:09:09.222932+00:00
466,24.551253557633135,-81.77855893542593,25.0,58.1,2026-09-02T19:09:09.422932+00:00
467,24.551255271659652,-81.77855591451588,25.0,58.0,2026-09-02T19:09:09.622932+00:00
468,24.55125698657732,-81.77855289421714,25.0,58.0,2026-09-02T19:09:09.822932+00:00
469,24.551258702149454,-81.77854987436763,25.0,58.0,2026-09-02T19:09:10.022932+00:00
470,24.55126041813782,-81.77854685480392,25.0,58.0,2026-09-02T19:09:10.222932+00:00
471,24.551262134303222,-81.77854383536179,25.0,58.0,2026-09-02T19:09:10.422932+00:00
472,24.55126385040606,-81.77854081587662,25.0,58.0,2026-09-02T19:09:10.622932+00:00
473,24.551265566206855,-81.77853779618397,25.0,58.0,2026-09-02T19:09:10.822932+00:00
474,24.55126728146686,-81.77853477611995,25.0,58.0,2026-09-02T19:09:11.022932+00:00
475,24.55126899594858,-81.7785317555218,25.0,58.0,2026-09-02T19:09:11.222932+00:00
476,24.551270709416332,-81.77852873422826,25.0,58.1,2026-09-02T19:09:11.422932+00:00
477,24.55127242163682,-81.77852571208014,25.0,58.1,2026-09-02T19:09:11.622932+00:00
478,24.551274132379667,-81.77852268892072,25.0,58.1,2026-09-02T19:09:11.822932+00:00
479,24.55127584141795,-81.77851966459622,25.0,58.1,2026-09-02T19:09:12.022932+00:00
480,24.551277548528763,-81.7785166389562,25.0,58.2,2026-09-02T19:09:12.222932+00:00
481,24.551279253493725,-81.77851361185405,25.0,58.2,2026-09-02T19:09:12.422932+00:00
482,24.551280956099507,-81.77851058314735,25.0,58.3,2026-09-02T19:09:12.622932+00:00
483,24.551282656138348,-81.77850755269827,25.0,58.3,2026-09-02T19:09:12.822932+00:00
484,24.551284353408555,-81.778504520374,25.0,58.4,2026-09-02T19:09:13.022932+00:00
485,24.551286047715,-81.77850148604703,25.0,58.5,2026-09-02T19:09:13.222932+00:00
486,24.551287738869572,-81.77849844959557,25.0,58.5,2026-09-02T19:09:13.422932+00:00
487,24.55128942669168,-81.77849541090377,25.0,58.6,2026-09-02T19:09:13.622932+00:00
488,24.551291111008673,-81.77849236986214,25.0,58.7,2026-09-02T19:09:13.822932+00:00
489,24.551292791656287,-81.77848932636769,25.0,58.7,2026-09-02T19:09:14.022932+00:00
490,24.55129446847905,-81.7784862803243,25.1,58.8,2026-09-02T19:09:14.222932+00:00
491,24.55129614133069,-81.7784832316429,25.1,58.9,2026-09-02T19:09:14.422932+00:00
492,24.551297810074512,-81.77848018024164,25.1,59.0,2026-09-02T19:09:14.622932+00:00
493,24.551299474583754,-81.77847712604616,25.1,59.1,2026-09-02T19:09:14.822932+00:00
494,24.551301134741927,-81.77847406898958,25.1,59.2,2026-09-02T19:09:15.022932+00:00
495,24.551302790443124,-81.77847100901283,25.1,59.3,2026-09-02T19:09:15.222932+00:00
496,24.55130444159232,-81.7784679460646,25.1,59.3,2026-09-02T19:09:15.422932+00:00
497,24.551306088105626,-81.77846488010147,25.1,59.4,2026-09-02T19:09:15.622932+00:00
498,24.551307729910537,-81.77846181108801,25.1,59.5,2026-09-02T19:09:15.822932+00:00
499,24.55130936694615,-81.77845873899672,25.1,59.6,2026-09-02T19:09:16.022932+00:00
500,24.551310999163334,-81.7784556638081,25.1,59.7,2026-09-02T19:09:16.222932+00:00
501,24.55131262652492,-81.77845258551066,25.1,59.8,2026-09-02T19:09:16.422932+00:00
502,24.551314249005788,-81.77844950410078,25.1,59.9,2026-09-02T19:09:16.622932+00:00
503,24.551315866593004,-81.77844641958275,25.2,60.0,2026-09-02T19:09:16.822932+00:00
504,24.55131747928587,-81.7784433319686,25.2,60.1,2026-09-02T19:09:17.022932+00:00
505,24.551319087095965,-81.77844024127812,25.2,60.2,2026-09-02T19:09:17.222932+00:00
506,24.55132069004716,-81.77843714753861,25.2,60.3,2026-09-02T19:09:17.422932+00:00
507,24.55132228817559,-81.77843405078482,25.2,60.4,2026-09-02T19:09:17.622932+00:00
508,24.551323881529587,-81.7784309510588,25.2,60.5,2026-09-02T19:09:17.822932+00:00
509,24.5513254701696,-81.77842784840966,25.2,60.6,2026-09-02T19:09:18.022932+00:00
510,24.551327054168084,-81.7784247428935,25.2,60.7,2026-09-02T19:09:18.222932+00:00
511,24.55132863360933,-81.77842163457309,25.2,60.8,2026-09-02T19:09:18.422932+00:00
512,24.551330208589278,-81.77841852351773,25.2,60.9,2026-09-02T19:09:18.622932+00:00
513,24.55133177921533,-81.77841540980302,25.3,61.0,2026-09-02T19:09:18.822932+00:00
514,24.55133334560606,-81.77841229351061,25.3,61.1,2026-09-02T19:09:19.022932+00:00
515,24.551334907890958,-81.778409174728,25.3,61.2,2026-09-02T19:09:19.222932+00:00
516,24.55133646621012,-81.77840605354824,25.3,61.2,2026-09-02T19:09:19.422932+00:00
517,24.551338020713903,-81.77840293006967,25.3,61.3,2026-09-02T19:09:19.622932+00:00
518,24.551339571562558,-81.77839980439573,25.3,61.4,2026-09-02T19:09:19.822932+00:00
519,24.551341118925823,-81.77839667663461,25.3,61.5,2026-09-02T19:09:20.022932+00:00
520,24.551342662982513,-81.77839354689901,25.3,61.5,2026-09-02T19:09:20.222932+00:00
521,24.551344203920067,-81.77839041530585,25.4,61.6,2026-09-02T19:09:20.422932+00:00
522,24.55134574193405,-81.77838728197601,25.4,61.6,2026-09-02T19:09:20.622932+00:00
523,24.551347277227684,-81.77838414703403,25.4,61.7,2026-09-02T19:09:20.822932+00:00
524,24.551348810011326,-81.77838101060783,25.4,61.8,2026-09-02T19:09:21.022932+00:00
525,24.551350340501887,-81.77837787282843,25.4,61.8,2026-09-02T19:09:21.222932+00:00
526,24.551351868922314,-81.77837473382961,25.4,61.8,2026-09-02T19:09:21.422932+00:00
527,24.551353395500996,-81.77837159374768,25.5,61.9,2026-09-02T19:09:21.622932+00:00
528,24.55135492047115,-81.77836845272115,25.5,61.9,2026-09-02T19:09:21.822932+00:00
529,24.55135644407024,-81.77836531089052,25.5,61.9,2026-09-02T19:09:22.022932+00:00
530,24.55135796653933,-81.77836216839783,25.5,62.0,2026-09-02T19:09:22.222932+00:00
531,24.551359488122475,-81.77835902538652,25.5,62.0,2026-09-02T19:09:22.422932+00:00
532,24.551361009066063,-81.77835588200102,25.5,62.0,2026-09-02T19:09:22.622932+00:00
533,24.551362529618157,-81.77835273838657,25.6,62.0,2026-09-02T19:09:22.822932+00:00
534,24.551364050027864,-81.77834959468885,25.6,62.0,2026-09-02T19:09:23.022932+00:00
535,24.551365570544665,-81.7783464510537,25.6,62.0,2026-09-02T19:09:23.222932+00:00
536,24.55136709141776,-81.77834330762681,25.6,62.0,2026-09-02T19:09:23.422932+00:00
537,24.55136861289539,-81.77834016455351,25.6,62.0,2026-09-02T19:09:23.622932+00:00
538,24.55137013522424,-81.7783370219784,25.6,62.0,2026-09-02T19:09:23.822932+00:00
539,24.551371658648712,-81.77833388004503,25.7,61.9,2026-09-02T19:09:24.022932+00:00
540,24.551373183410345,-81.7783307388957,25.7,61.9,2026-09-02T19:09:24.222932+00:00
541,24.551374709747144,-81.77832759867111,25.7,61.9,2026-09-02T19:09:24.422932+00:00
542,24.55137623789297,-81.77832445951009,25.7,61.8,2026-09-02T19:09:24.622932+00:00
543,24.55137776807693,-81.77832132154926,25.7,61.8,2026-09-02T19:09:24.822932+00:00
544,24.551379300522772,-81.7783181849228,25.8,61.8,2026-09-02T19:09:25.022932+00:00
545,24.551380835448303,-81.77831504976213,25.8,61.7,2026-09-02T19:09:25.222932+00:00
546,24.551382373064836,-81.7783119161956,25.8,61.7,2026-09-02T19:09:25.422932+00:00
547,24.551383913576633,-81.77830878434828,25.8,61.6,2026-09-02T19:09:25.622932+00:00
548,24.55138545718038,-81.77830565434157,25.8,61.5,2026-09-02T19:09:25.822932+00:00
549,24.551387004064694,-81.77830252629295,25.9,61.5,2026-09-02T19:09:26.022932+00:00
550,24.55138855440963,-81.77829940031577,25.9,61.4,2026-09-02T19:09:26.222932+00:00
551,24.551390108386247,-81.77829627651887,25.9,61.3,2026-09-02T19:09:26.422932+00:00
552,24.55139166615616,-81.77829315500635,25.9,61.2,2026-09-02T19:09:26.622932+00:00
553,24.55139322787115,-81.77829003587732,25.9,61.2,2026-09-02T19:09:26.822932+00:00
554,24.551394793672777,-81.77828691922558,26.0,61.1,2026-09-02T19:09:27.022932+00:00
555,24.55139636369206,-81.77828380513942,26.0,61.0,2026-09-02T19:09:27.222932+00:00
556,24.551397938049135,-81.77828069370135,26.0,60.9,2026-09-02T19:09:27.422932+00:00
557,24.551399516853003,-81.77827758498782,26.0,60.8,2026-09-02T19:09:27.622932+00:00
558,24.551401100201236,-81.77827447906905,26.1,60.7,2026-09-02T19:09:27.822932+00:00
559,24.551402688179788,-81.77827137600877,26.1,60.6,2026-09-02T19:09:28.022932+00:00
560,24.551404280862798,-81.778268275864,26.1,60.5,2026-09-02T19:09:28.222932+00:00
561,24.55140587831242,-81.77826517868486,26.1,60.4,2026-09-02T19:09:28.422932+00:00
562,24.551407480578707,-81.77826208451441,26.2,60.3,2026-09-02T19:09:28.622932+00:00
563,24.55140908769953,-81.77825899338845,26.2,60.2,2026-09-02T19:09:28.822932+00:00
564,24.551410699700483,-81.77825590533534,26.2,60.1,2026-09-02T19:09:29.022932+00:00
565,24.551412316594895,-81.77825282037593,26.2,60.0,2026-09-02T19:09:29.222932+00:00
566,24.551413938383803,-81.77824973852334,26.2,59.9,2026-09-02T19:09:29.422932+00:00
567,24.551415565055997,-81.77824665978301,26.3,59.8,2026-09-02T19:09:29.622932+00:00
568,24.551417196588087,-81.7782435841524,26.3,59.7,2026-09-02T19:09:29.822932+00:00
569,24.55141883294459,-81.77824051162116,26.3,59.7,2026-09-02T19:09:30.022932+00:00
570,24.551420474078068,-81.7782374421709,26.3,59.6,2026-09-02T19:09:30.222932+00:00
571,24.551422119929263,-81.77823437577528,26.4,59.5,2026-09-02T19:09:30.422932+00:00
572,24.551423770427306,-81.77823131239998,26.4,59.4,2026-09-02T19:09:30.622932+00:00
573,24.551425425489903,-81.7782282520027,26.4,59.3,2026-09-02T19:09:30.822932+00:00
574,24.55142708502359,-81.77822519453326,26.4,59.2,2026-09-02T19:09:31.022932+00:00
575,24.551428748923982,-81.77822213993365,26.5,59.1,2026-09-02T19:09:31.222932+00:00
576,24.55143041707607,-81.77821908813814,26.5,59.0,2026-09-02T19:09:31.422932+00:00
577,24.55143208935452,-81.77821603907337,26.5,58.9,2026-09-02T19:09:31.622932+00:00
578,24.551433765624026,-81.77821299265858,26.6,58.8,2026-09-02T19:09:31.822932+00:00
579,24.55143544573965,-81.77820994880568,26.6,58.7,2026-09-02T19:09:32.022932+00:00
580,24.551437129547196,-81.77820690741952,26.6,58.7,2026-09-02T19:09:32.222932+00:00
581,24.551438816883618,-81.7782038683981,26.6,58.6,2026-09-02T19:09:32.422932+00:00
582,24.55144050757743,-81.77820083163282,26.7,58.5,2026-09-02T19:09:32.622932+00:00
583,24.55144220144913,-81.77819779700872,26.7,58.5,2026-09-02T19:09:32.822932+00:00
584,24.551443898311657,-81.77819476440483,26.7,58.4,2026-09-02T19:09:33.022932+00:00
585,24.55144559797084,-81.77819173369443,26.7,58.3,2026-09-02T19:09:33.222932+00:00
586,24.551447300225878,-81.77818870474542,26.8,58.3,2026-09-02T19:09:33.422932+00:00
587,24.55144900486985,-81.77818567742068,26.8,58.2,2026-09-02T19:09:33.622932+00:00
588,24.551450711690173,-81.7781826515784,26.8,58.2,2026-09-02T19:09:33.822932+00:00
589,24.551452420469158,-81.77817962707255,26.9,58.2,2026-09-02T19:09:34.022932+00:00
590,24.551454130984496,-81.77817660375321,26.9,58.1,2026-09-02T19:09:34.222932+00:00
591,24.551455843009816,-81.77817358146704,26.9,58.1,2026-09-02T19:09:34.422932+00:00
592,24.551457556315185,-81.7781705600577,26.9,58.1,2026-09-02T19:09:34.622932+00:00
593,24.55145927066769,-81.77816753936632,27.0,58.0,2026-09-02T19:09:34.822932+00:00
594,24.55146098583195,-81.77816451923191,27.0,58.0,2026-09-02T19:09:35.022932+00:00
595,24.551462701570706,-81.7781614994919,27.0,58.0,2026-09-02T19:09:35.222932+00:00
596,24.551464417645338,-81.77815847998252,27.0,58.0,2026-09-02T19:09:35.422932+00:00
597,24.551466133816444,-81.7781554605394,27.1,58.0,2026-09-02T19:09:35.622932+00:00
598,24.551467849844407,-81.77815244099789,27.1,58.0,2026-09-02T19:09:35.822932+00:00
599,24.55146956548993,-81.77814942119367,27.1,58.0,2026-09-02T19:09:36.022932+00:00
600,24.55147128051463,-81.77814640096322,27.2,58.0,2026-09-02T19:09:36.222932+00:00
601,24.551472994681554,-81.77814338014421,27.2,58.0,2026-09-02T19:09:36.422932+00:00
602,24.551474707755762,-81.77814035857604,27.2,58.1,2026-09-02T19:09:36.622932+00:00
603,24.551476419504876,-81.77813733610029,27.2,58.1,2026-09-02T19:09:36.822932+00:00
604,24.551478129699625,-81.77813431256115,27.3,58.1,2026-09-02T19:09:37.022932+00:00
605,24.55147983811438,-81.77813128780595,27.3,58.2,2026-09-02T19:09:37.222932+00:00
606,24.551481544527686,-81.77812826168548,27.3,58.2,2026-09-02T19:09:37.422932+00:00
607,24.551483248722814,-81.7781252340545,27.4,58.2,2026-09-02T19:09:37.622932+00:00
608,24.551484950488245,-81.77812220477207,27.4,58.3,2026-09-02T19:09:37.822932+00:00
609,24.551486649618205,-81.77811917370204,27.4,58.4,2026-09-02T19:09:38.022932+00:00
610,24.551488345913153,-81.77811614071331,27.5,58.4,2026-09-02T19:09:38.222932+00:00
611,24.551490039180273,-81.77811310568026,27.5,58.5,2026-09-02T19:09:38.422932+00:00
612,24.55149172923393,-81.77811006848306,27.5,58.5,2026-09-02T19:09:38.622932+00:00
613,24.55149341589615,-81.778107029008,27.5,58.6,2026-09-02T19:09:38.822932+00:00
614,24.551495098997055,-81.77810398714772,27.6,58.7,2026-09-02T19:09:39.022932+00:00
615,24.55149677837529,-81.77810094280153,27.6,58.8,2026-09-02T19:09:39.222932+00:00
616,24.551498453878445,-81.77809789587563,27.6,58.8,2026-09-02T19:09:39.422932+00:00
617,24.551500125363418,-81.77809484628338,27.7,58.9,2026-09-02T19:09:39.622932+00:00
618,24.55150179269682,-81.77809179394542,27.7,59.0,2026-09-02T19:09:39.822932+00:00
619,24.551503455755306,-81.77808873878989,27.7,59.1,2026-09-02T19:09:40.022932+00:00
620,24.55150511442591,-81.77808568075253,27.8,59.2,2026-09-02T19:09:40.222932+00:00
621,24.55150676860635,-81.77808261977684,27.8,59.3,2026-09-02T19:09:40.422932+00:00
622,24.551508418205326,-81.7780795558142,27.8,59.4,2026-09-02T19:09:40.622932+00:00
623,24.551510063142747,-81.77807648882386,27.8,59.5,2026-09-02T19:09:40.822932+00:00
624,24.551511703349988,-81.77807341877303,27.9,59.6,2026-09-02T19:09:41.022932+00:00
625,24.551513338770082,-81.77807034563693,27.9,59.7,2026-09-02T19:09:41.222932+00:00
626,24.55151496935791,-81.77806726939875,27.9,59.8,2026-09-02T19:09:41.422932+00:00
627,24.551516595080336,-81.77806419004962,28.0,59.9,2026-09-02T19:09:41.622932+00:00
628,24.551518215916335,-81.77806110758863,28.0,60.0,2026-09-02T19:09:41.822932+00:00
629,24.551519831857078,-81.77805802202265,28.0,60.1,2026-09-02T19:09:42.022932+00:00
630,24.551521442905994,-81.77805493336638,28.1,60.2,2026-09-02T19:09:42.222932+00:00
631,24.551523049078796,-81.7780518416421,28.1,60.3,2026-09-02T19:09:42.422932+00:00
632,24.55152465040349,-81.77804874687965,28.1,60.4,2026-09-02T19:09:42.622932+00:00
633,24.551526246920307,-81.77804564911625,28.1,60.5,2026-09-02T19:09:42.822932+00:00
634,24.551527838681675,-81.77804254839634,28.2,60.6,2026-09-02T19:09:43.022932+00:00
635,24.551529425752097,-81.77803944477142,28.2,60.7,2026-09-02T19:09:43.222932+00:00
636,24.551531008208016,-81.77803633829983,28.2,60.7,2026-09-02T19:09:43.422932+00:00
637,24.551532586137675,-81.77803322904656,28.3,60.8,2026-09-02T19:09:43.622932+00:00
638,24.551534159640887,-81.77803011708309,28.3,60.9,2026-09-02T19:09:43.822932+00:00
639,24.55153572882884,-81.77802700248705,28.3,61.0,2026-09-02T19:09:44.022932+00:00
640,24.551537293823817,-81.77802388534211,28.3,61.1,2026-09-02T19:09:44.222932+00:00
641,24.55153885475891,-81.77802076573764,28.4,61.2,2026-09-02T19:09:44.422932+00:00
642,24.551540411777705,-81.77801764376851,28.4,61.3,2026-09-02T19:09:44.622932+00:00
643,24.551541965033927,-81.7780145195348,28.4,61.3,2026-09-02T19:09:44.822932+00:00
644,24.551543514691062,-81.77801139314158,28.5,61.4,2026-09-02T19:09:45.022932+00:00
645,24.551545060921953,-81.77800826469858,28.5,61.5,2026-09-02T19:09:45.222932+00:00
646,24.55154660390836,-81.77800513431997,28.5,61.5,2026-09-02T19:09:45.422932+00:00
647,24.551548143840513,-81.77800200212401,28.6,61.6,2026-09-02T19:09:45.622932+00:00
648,24.551549680916615,-81.77799886823287,28.6,61.7,2026-09-02T19:09:45.822932+00:00
649,24.551551215342343,-81.77799573277223,28.6,61.7,2026-09-02T19:09:46.022932+00:00
650,24.551552747330312,-81.77799259587111,28.6,61.8,2026-09-02T19:09:46.222932+00:00
651,24.551554277099537,-81.77798945766146,28.7,61.8,2026-09-02T19:09:46.422932+00:00
652,24.55155580487486,-81.77798631827797,28.7,61.9,2026-09-02T19:09:46.622932+00:00
653,24.55155733088635,-81.77798317785773,28.7,61.9,2026-09-02T19:09:46.822932+00:00
654,24.551558855368736,-81.77798003653994,28.8,61.9,2026-09-02T19:09:47.022932+00:00
655,24.551560378560744,-81.77797689446564,28.8,61.9,2026-09-02T19:09:47.222932+00:00
656,24.551561900704534,-81.77797375177737,28.8,62.0,2026-09-02T19:09:47.422932+00:00
657,24.55156342204501,-81.77797060861894,28.8,62.0,2026-09-02T19:09:47.622932+00:00
658,24.55156494282919,-81.77796746513512,28.9,62.0,2026-09-02T19:09:47.822932+00:00
659,24.551566463305566,-81.77796432147129,28.9,62.0,2026-09-02T19:09:48.022932+00:00
660,24.551567983723448,-81.77796117777322,28.9,62.0,2026-09-02T19:09:48.222932+00:00
661,24.55156950433229,-81.77795803418674,29.0,62.0,2026-09-02T19:09:48.422932+00:00
662,24.551571025381044,-81.77795489085749,29.0,62.0,2026-09-02T19:09:48.622932+00:00
663,24.551572547117505,-81.77795174793054,29.0,62.0,2026-09-02T19:09:48.822932+00:00
664,24.55157406978766,-81.77794860555018,29.0,62.0,2026-09-02T19:09:49.022932+00:00
665,24.551575593635018,-81.77794546385958,29.1,61.9,2026-09-02T19:09:49.222932+00:00
666,24.5515771189,-81.77794232300054,29.1,61.9,2026-09-02T19:09:49.422932+00:00
667,24.55157864581929,-81.77793918311315,29.1,61.9,2026-09-02T19:09:49.622932+00:00
668,24.551580174625215,-81.77793604433552,29.2,61.8,2026-09-02T19:09:49.822932+00:00
669,24.551581705545143,-81.7779329068035,29.2,61.8,2026-09-02T19:09:50.022932+00:00
670,24.551583238800895,-81.77792977065036,29.2,61.7,2026-09-02T19:09:50.222932+00:00
671,24.551584774608155,-81.77792663600654,29.2,61.7,2026-09-02T19:09:50.422932+00:00
672,24.551586313175918,-81.77792350299933,29.3,61.6,2026-09-02T19:09:50.622932+00:00
673,24.551587854705954,-81.77792037175254,29.3,61.6,2026-09-02T19:09:50.822932+00:00
674,24.551589399392302,-81.77791724238634,29.3,61.5,2026-09-02T19:09:51.022932+00:00
675,24.551590947420745,-81.77791411501684,29.4,61.4,2026-09-02T19:09:51.222932+00:00
676,24.551592498968365,-81.7779109897559,29.4,61.4,2026-09-02T19:09:51.422932+00:00
677,24.551594054203086,-81.77790786671079,29.4,61.3,2026-09-02T19:09:51.622932+00:00
678,24.551595613283265,-81.77790474598396,29.4,61.2,2026-09-02T19:09:51.822932+00:00
679,24.551597176357284,-81.77790162767276,29.5,61.1,2026-09-02T19:09:52.022932+00:00
680,24.551598743563193,-81.7778985118692,29.5,61.1,2026-09-02T19:09:52.222932+00:00
681,24.55160031502839,-81.77789539865961,29.5,61.0,2026-09-02T19:09:52.422932+00:00
682,24.551601890869296,-81.77789228812452,29.5,60.9,2026-09-02T19:09:52.622932+00:00
683,24.551603471191086,-81.77788918033829,29.6,60.8,2026-09-02T19:09:52.822932+00:00
684,24.551605056087457,-81.777886075369,29.6,60.7,2026-09-02T19:09:53.022932+00:00
685,24.55160664564041,-81.77788297327811,29.6,60.6,2026-09-02T19:09:53.222932+00:00
686,24.55160823992006,-81.77787987412039,29.6,60.5,2026-09-02T19:09:53.422932+00:00
687,24.55160983898451,-81.77787677794359,29.7,60.4,2026-09-02T19:09:53.622932+00:00
688,24.551611442879732,-81.77787368478833,29.7,60.3,2026-09-02T19:09:53.822932+00:00
689,24.551613051639464,-81.77787059468794,29.7,60.2,2026-09-02T19:09:54.022932+00:00
690,24.551614665285186,-81.77786750766828,29.7,60.1,2026-09-02T19:09:54.222932+00:00
691,24.551616283826082,-81.77786442374759,29.8,60.0,2026-09-02T19:09:54.422932+00:00
692,24.551617907259068,-81.77786134293643,29.8,59.9,2026-09-02T19:09:54.622932+00:00
693,24.55161953556883,-81.77785826523755,29.8,59.8,2026-09-02T19:09:54.822932+00:00
694,24.551621168727895,-81.77785519064582,29.8,59.7,2026-09-02T19:09:55.022932+00:00
695,24.55162280669675,-81.77785211914816,29.9,59.6,2026-09-02T19:09:55.222932+00:00
696,24.551624449423958,-81.77784905072352,29.9,59.5,2026-09-02T19:09:55.422932+00:00
697,24.551626096846345,-81.77784598534286,29.9,59.4,2026-09-02T19:09:55.622932+00:00
698,24.55162774888916,-81.7778429229692,29.9,59.3,2026-09-02T19:09:55.822932+00:00
699,24.551629405466336,-81.77783986355756,29.9,59.2,2026-09-02T19:09:56.022932+00:00
700,24.551631066480702,-81.77783680705514,30.0,59.1,2026-09-02T19:09:56.222932+00:00
701,24.551632731824267,-81.7778337534013,30.0,59.1,2026-09-02T19:09:56.422932+00:00
702,24.551634401378514,-81.77783070252774,30.0,59.0,2026-09-02T19:09:56.622932+00:00
703,24.55163607501472,-81.77782765435857,30.0,58.9,2026-09-02T19:09:56.822932+00:00
704,24.551637752594296,-81.77782460881056,30.1,58.8,2026-09-02T19:09:57.022932+00:00
705,24.55163943396914,-81.77782156579323,30.1,58.7,2026-09-02T19:09:57.222932+00:00
706,24.551641118982054,-81.7778185252091,30.1,58.6,2026-09-02T19:09:57.422932+00:00
707,24.551642807467093,-81.77781548695391,30.1,58.6,2026-09-02T19:09:57.622932+00:00
708,24.551644499250028,-81.77781245091691,30.1,58.5,2026-09-02T19:09:57.822932+00:00
709,24.551646194148766,-81.77780941698107,30.2,58.4,2026-09-02T19:09:58.022932+00:00
710,24.551647891973797,-81.77780638502345,30.2,58.4,2026-09-02T19:09:58.222932+00:00
711,24.551649592528673,-81.77780335491548,30.2,58.3,2026-09-02T19:09:58.422932+00:00
712,24.551651295610476,-81.77780032652333,30.2,58.3,2026-09-02T19:09:58.622932+00:00
713,24.551653001010326,-81.77779729970827,30.2,58.2,2026-09-02T19:09:58.822932+00:00
714,24.55165470851387,-81.77779427432701,30.3,58.2,2026-09-02T19:09:59.022932+00:00
715,24.551656417901803,-81.77779125023217,30.3,58.1,2026-09-02T19:09:59.222932+00:00
716,24.551658128950393,-81.77778822727264,30.3,58.1,2026-09-02T19:09:59.422932+00:00
717,24.551659841432002,-81.77778520529401,30.3,58.1,2026-09-02T19:09:59.622932+00:00
718,24.55166155511565,-81.77778218413907,30.3,58.1,2026-09-02T19:09:59.822932+00:00
719,24.55166326976752,-81.77777916364815,30.4,58.0,2026-09-02T19:10:00.022932+00:00
720,24.551664985151543,-81.7777761436597,30.4,58.0,2026-09-02T19:10:00.222932+00:00
721,24.55166670102993,-81.77777312401066,30.4,58.0,2026-09-02T19:10:00.422932+00:00
722,24.551668417163746,-81.77777010453704,30.4,58.0,2026-09-02T19:10:00.622932+00:00
723,24.55167013331345,-81.7777670850743,30.4,58.0,2026-09-02T19:10:00.822932+00:00
724,24.551671849239472,-81.77776406545787,30.5,58.0,2026-09-02T19:10:01.022932+00:00
725,24.551673564702764,-81.77776104552363,30.5,58.0,2026-09-02T19:10:01.222932+00:00
726,24.55167527946535,-81.7777580251084,30.5,58.0,2026-09-02T19:10:01.422932+00:00
727,24.551676993290904,-81.77775500405036,30.5,58.0,2026-09-02T19:10:01.622932+00:00
728,24.55167870594528,-81.77775198218963,30.5,58.1,2026-09-02T19:10:01.822932+00:00
729,24.55168041719709,-81.7777489593686,30.5,58.1,2026-09-02T19:10:02.022932+00:00
730,24.551682126818218,-81.77774593543248,30.6,58.1,2026-09-02T19:10:02.222932+00:00
731,24.551683834584388,-81.7777429102297,30.6,58.2,2026-09-02T19:10:02.422932+00:00
732,24.55168554027567,-81.77773988361234,30.6,58.2,2026-09-02T19:10:02.622932+00:00
733,24.551687243677033,-81.77773685543657,30.6,58.3,2026-09-02T19:10:02.822932+00:00
734,24.551688944578835,-81.77773382556302,30.6,58.3,2026-09-02T19:10:03.022932+00:00
735,24.551690642777345,-81.77773079385719,30.6,58.4,2026-09-02T19:10:03.222932+00:00
736,24.551692338075227,-81.77772776018979,30.6,58.4,2026-09-02T19:10:03.422932+00:00
737,24.55169403028202,-81.7777247244371,30.7,58.5,2026-09-02T19:10:03.622932+00:00
738,24.551695719214624,-81.77772168648134,30.7,58.6,2026-09-02T19:10:03.822932+00:00
739,24.55169740469774,-81.77771864621086,30.7,58.6,2026-09-02T19:10:04.022932+00:00
740,24.551699086564312,-81.77771560352055,30.7,58.7,2026-09-02T19:10:04.222932+00:00
741,24.55170076465594,-81.777712558312,30.7,58.8,2026-09-02T19:10:04.422932+00:00
742,24.551702438823302,-81.77770951049379,30.7,58.9,2026-09-02T19:10:04.622932+00:00
743,24.551704108926522,-81.77770645998173,30.7,59.0,2026-09-02T19:10:04.822932+00:00
744,24.55170577483555,-81.77770340669893,30.7,59.0,2026-09-02T19:10:05.022932+00:00
745,24.5517074364305,-81.77770035057608,30.8,59.1,2026-09-02T19:10:05.222932+00:00
746,24.551709093601968,-81.77769729155155,30.8,59.2,2026-09-02T19:10:05.422932+00:00
747,24.551710746251327,-81.77769422957145,30.8,59.3,2026-09-02T19:10:05.622932+00:00
748,24.551712394291023,-81.77769116458978,30.8,59.4,2026-09-02T19:10:05.822932+00:00
749,24.551714037644796,-81.7776880965685,30.8,59.5,2026-09-02T19:10:06.022932+00:00
750,24.55171567624792,-81.7776850254775,30.8,59.6,2026-09-02T19:10:06.222932+00:00
751,24.551717310047394,-81.77768195129467,30.8,59.7,2026-09-02T19:10:06.422932+00:00
752,24.551718939002118,-81.7776788740059,30.8,59.8,2026-09-02T19:10:06.622932+00:00
753,24.551720563083013,-81.77767579360498,30.8,59.9,2026-09-02T19:10:06.822932+00:00
754,24.551722182273142,-81.77767271009365,30.9,60.0,2026-09-02T19:10:07.022932+00:00
755,24.5517237965678,-81.7776696234814,30.9,60.1,2026-09-02T19:10:07.222932+00:00
756,24.551725405974544,-81.77766653378549,30.9,60.2,2026-09-02T19:10:07.422932+00:00
757,24.551727010513225,-81.77766344103077,30.9,60.3,2026-09-02T19:10:07.622932+00:00
758,24.551728610215957,-81.77766034524957,30.9,60.4,2026-09-02T19:10:07.822932+00:00
759,24.551730205127093,-81.77765724648158,30.9,60.5,2026-09-02T19:10:08.022932+00:00
760,24.551731795303127,-81.77765414477362,30.9,60.6,2026-09-02T19:10:08.222932+00:00
761,24.551733380812596,-81.7776510401795,30.9,60.7,2026-09-02T19:10:08.422932+00:00
762,24.551734961735935,-81.77764793275983,30.9,60.8,2026-09-02T19:10:08.622932+00:00
763,24.551736538165297,-81.7776448225818,30.9,60.9,2026-09-02T19:10:08.822932+00:00
764,24.551738110204347,-81.77764170971899,30.9,61.0,2026-09-02T19:10:09.022932+00:00
765,24.55173967796804,-81.7776385942511,30.9,61.0,2026-09-02T19:10:09.222932+00:00
766,24.55174124158232,-81.77763547626371,30.9,61.1,2026-09-02T19:10:09.422932+00:00
767,24.551742801183853,-81.77763235584811,30.9,61.2,2026-09-02T19:10:09.622932+00:00
768,24.551744356919667,-81.77762923310094,31.0,61.3,2026-09-02T19:10:09.822932+00:00
769,24.55174590894682,-81.77762610812397,31.0,61.4,2026-09-02T19:10:10.022932+00:00
770,24.55174745743199,-81.77762298102387,31.0,61.4,2026-09-02T19:10:10.222932+00:00
771,24.551749002551066,-81.77761985191191,31.0,61.5,2026-09-02T19:10:10.422932+00:00
772,24.551750544488712,-81.77761672090365,31.0,61.6,2026-09-02T19:10:10.622932+00:00
773,24.551752083437894,-81.77761358811871,31.0,61.6,2026-09-02T19:10:10.822932+00:00
774,24.55175361959938,-81.77761045368047,31.0,61.7,2026-09-02T19:10:11.022932+00:00
775,24.55175515318125,-81.77760731771576,31.0,61.7,2026-09-02T19:10:11.222932+00:00
776,24.551756684398327,-81.77760418035463,31.0,61.8,2026-09-02T19:10:11.422932+00:00
777,24.55175821347165,-81.77760104172998,31.0,61.8,2026-09-02T19:10:11.622932+00:00
778,24.551759740627887,-81.77759790197733,31.0,61.9,2026-09-02T19:10:11.822932+00:00
779,24.551761266098737,-81.77759476123452,31.0,61.9,2026-09-02T19:10:12.022932+00:00
780,24.55176279012035,-81.7775916196414,31.0,61.9,2026-09-02T19:10:12.222932+00:00
781,24.551764312932676,-81.77758847733955,31.0,62.0,2026-09-02T19:10:12.422932+00:00
782,24.551765834778866,-81.77758533447198,31.0,62.0,2026-09-02T19:10:12.622932+00:00
783,24.551767355904605,-81.77758219118283,31.0,62.0,2026-09-02T19:10:12.822932+00:00
784,24.55176887655749,-81.77757904761712,31.0,62.0,2026-09-02T19:10:13.022932+00:00
785,24.55177039698635,-81.77757590392041,31.0,62.0,2026-09-02T19:10:13.222932+00:00
786,24.551771917440618,-81.77757276023851,31.0,62.0,2026-09-02T19:10:13.422932+00:00
787,24.55177343816966,-81.77756961671722,31.0,62.0,2026-09-02T19:10:13.622932+00:00
788,24.55177495942211,-81.77756647350199,31.0,62.0,2026-09-02T19:10:13.822932+00:00
789,24.551776481445227,-81.7775633307377,31.0,62.0,2026-09-02T19:10:14.022932+00:00
790,24.55177800448423,-81.77756018856829,31.0,61.9,2026-09-02T19:10:14.222932+00:00
791,24.55177952878167,-81.7775570471365,31.0,61.9,2026-09-02T19:10:14.422932+00:00
792,24.551781054576775,-81.77755390658358,31.0,61.9,2026-09-02T19:10:14.622932+00:00
793,24.55178258210483,-81.77755076704901,31.0,61.9,2026-09-02T19:10:14.822932+00:00
794,24.55178411159657,-81.77754762867013,31.0,61.8,2026-09-02T19:10:15.022932+00:00
795,24.55178564327756,-81.777544491582,31.0,61.8,2026-09-02T19:10:15.222932+00:00
796,24.55178717736762,-81.77754135591695,31.0,61.7,2026-09-02T19:10:15.422932+00:00
797,24.551788714080242,-81.77753822180439,31.0,61.7,2026-09-02T19:10:15.622932+00:00
798,24.551790253622055,-81.77753508937047,31.0,61.6,2026-09-02T19:10:15.822932+00:00
799,24.55179179619229,-81.77753195873782,31.0,61.6,2026-09-02T19:10:16.022932+00:00
800,24.551793341982254,-81.77752883002528,31.0,61.5,2026-09-02T19:10:16.222932+00:00
801,24.55179489117486,-81.77752570334755,31.0,61.4,2026-09-02T19:10:16.422932+00:00
802,24.551796443944156,-81.77752257881498,31.0,61.3,2026-09-02T19:10:16.622932+00:00
803,24.551798000454898,-81.77751945653324,31.0,61.3,2026-09-02T19:10:16.822932+00:00
804,24.55179956086213,-81.77751633660311,30.9,61.2,2026-09-02T19:10:17.022932+00:00
805,24.551801125310796,-81.77751321912017,30.9,61.1,2026-09-02T19:10:17.222932+00:00
806,24.551802693935404,-81.77751010417452,30.9,61.0,2026-09-02T19:10:17.422932+00:00
807,24.551804266859683,-81.77750699185061,30.9,60.9,2026-09-02T19:10:17.622932+00:00
808,24.551805844196316,-81.77750388222691,30.9,60.9,2026-09-02T19:10:17.822932+00:00
809,24.551807426046633,-81.7775007753757,30.9,60.8,2026-09-02T19:10:18.022932+00:00
810,24.551809012500417,-81.77749767136284,30.9,60.7,2026-09-02T19:10:18.222932+00:00
811,24.551810603635698,-81.77749457024757,30.9,60.6,2026-09-02T19:10:18.422932+00:00
812,24.551812199518565,-81.7774914720823,30.9,60.5,2026-09-02T19:10:18.622932+00:00
813,24.55181380020305,-81.77748837691244,30.9,60.4,2026-09-02T19:10:18.822932+00:00
814,24.551815405731016,-81.77748528477615,30.9,60.3,2026-09-02T19:10:19.022932+00:00
815,24.55181701613209,-81.77748219570425,30.9,60.2,2026-09-02T19:10:19.222932+00:00
816,24.55181863142361,-81.77747910972009,30.9,60.1,2026-09-02T19:10:19.422932+00:00
817,24.55182025161064,-81.77747602683932,30.9,60.0,2026-09-02T19:10:19.622932+00:00
818,24.551821876685967,-81.7774729470699,30.8,59.9,2026-09-02T19:10:19.822932+00:00
819,24.55182350663019,-81.7774698704119,30.8,59.8,2026-09-02T19:10:20.022932+00:00
820,24.55182514141176,-81.77746679685757,30.8,59.7,2026-09-02T19:10:20.222932+00:00
821,24.55182678098715,-81.7774637263911,30.8,59.6,2026-09-02T19:10:20.422932+00:00
822,24.551828425300947,-81.7774606589888,30.8,59.5,2026-09-02T19:10:20.622932+00:00
823,24.551830074286062,-81.77745759461894,30.8,59.4,2026-09-02T19:10:20.822932+00:00
824,24.55183172786392,-81.77745453324184,30.8,59.3,2026-09-02T19:10:21.022932+00:00
825,24.551833385944686,-81.77745147480987,30.8,59.2,2026-09-02T19:10:21.222932+00:00
826,24.551835048427517,-81.77744841926759,30.8,59.1,2026-09-02T19:10:21.422932+00:00
827,24.55183671520085,-81.77744536655177,30.7,59.0,2026-09-02T19:10:21.622932+00:00
828,24.551838386142695,-81.77744231659157,30.7,58.9,2026-09-02T19:10:21.822932+00:00
829,24.551840061120977,-81.77743926930862,30.7,58.9,2026-09-02T19:10:22.022932+00:00
830,24.55184173999387,-81.77743622461718,30.7,58.8,2026-09-02T19:10:22.222932+00:00
831,24.551843422610165,-81.7774331824244,30.7,58.7,2026-09-02T19:10:22.422932+00:00
832,24.55184510880967,-81.77743014263052,30.7,58.6,2026-09-02T19:10:22.622932+00:00
833,24.551846798423618,-81.77742710512905,30.7,58.6,2026-09-02T19:10:22.822932+00:00
834,24.551848491275077,-81.77742406980708,30.7,58.5,2026-09-02T19:10:23.022932+00:00
835,24.55185018717941,-81.7774210365456,30.6,58.4,2026-09-02T19:10:23.222932+00:00
836,24.551851885944725,-81.77741800521972,30.6,58.4,2026-09-02T19:10:23.422932+00:00
837,24.551853587372342,-81.77741497569905,30.6,58.3,2026-09-02T19:10:23.622932+00:00
838,24.551855291257286,-81.77741194784807,30.6,58.3,2026-09-02T19:10:23.822932+00:00
839,24.551856997388775,-81.77740892152647,30.6,58.2,2026-09-02T19:10:24.022932+00:00
840,24.551858705550732,-81.77740589658958,30.6,58.2,2026-09-02T19:10:24.222932+00:00
841,24.55186041552231,-81.77740287288867,30.5,58.1,2026-09-02T19:10:24.422932+00:00
842,24.551862127078397,-81.7773998502715,30.5,58.1,2026-09-02T19:10:24.622932+00:00
843,24.551863839990176,-81.77739682858265,30.5,58.1,2026-09-02T19:10:24.822932+00:00
844,24.551865554025646,-81.77739380766404,30.5,58.0,2026-09-02T19:10:25.022932+00:00
845,24.551867268950176,-81.7773907873553,30.5,58.0,2026-09-02T19:10:25.222932+00:00
846,24.55186898452705,-81.77738776749435,30.5,58.0,2026-09-02T19:10:25.422932+00:00
847,24.55187070051804,-81.77738474791775,30.4,58.0,2026-09-02T19:10:25.622932+00:00
848,24.551872416683945,-81.77738172846126,30.4,58.0,2026-09-02T19:10:25.822932+00:00
849,24.55187413278515,-81.7773787089603,30.4,58.0,2026-09-02T19:10:26.022932+00:00
850,24.551875848582196,-81.77737568925036,30.4,58.0,2026-09-02T19:10:26.222932+00:00
851,24.55187756383633,-81.77737266916762,30.4,58.0,2026-09-02T19:10:26.422932+00:00
852,24.55187927831007,-81.77736964854928,30.4,58.0,2026-09-02T19:10:26.622932+00:00
853,24.55188099176777,-81.77736662723414,30.3,58.1,2026-09-02T19:10:26.822932+00:00
854,24.551882703976148,-81.77736360506302,30.3,58.1,2026-09-02T19:10:27.022932+00:00
855,24.551884414704848,-81.77736058187922,30.3,58.1,2026-09-02T19:10:27.222932+00:00
856,24.551886123726984,-81.77735755752897,30.3,58.1,2026-09-02T19:10:27.422932+00:00
857,24.551887830819695,-81.77735453186187,30.3,58.2,2026-09-02T19:10:27.622932+00:00
858,24.55188953576463,-81.77735150473137,30.2,58.2,2026-09-02T19:10:27.822932+00:00
859,24.55189123834852,-81.77734847599504,30.2,58.3,2026-09-02T19:10:28.022932+00:00
860,24.551892938363654,-81.77734544551515,30.2,58.3,2026-09-02T19:10:28.222932+00:00
861,24.551894635608384,-81.77734241315889,30.2,58.4,2026-09-02T19:10:28.422932+00:00
862,24.55189632988765,-81.77733937879881,30.2,58.5,2026-09-02T19:10:28.622932+00:00
863,24.55189802101341,-81.77733634231316,30.1,58.5,2026-09-02T19:10:28.822932+00:00
864,24.551899708805134,-81.77733330358619,30.1,58.6,2026-09-02T19:10:29.022932+00:00
865,24.551901393090247,-81.7773302625084,30.1,58.7,2026-09-02T19:10:29.222932+00:00
866,24.551903073704562,-81.77732721897691,30.1,58.7,2026-09-02T19:10:29.422932+00:00
867,24.55190475049268,-81.77732417289566,30.1,58.8,2026-09-02T19:10:29.622932+00:00
868,24.551906423308427,-81.77732112417561,30.0,58.9,2026-09-02T19:10:29.822932+00:00
869,24.55190809201518,-81.77731807273501,30.0,59.0,2026-09-02T19:10:30.022932+00:00
870,24.55190975648628,-81.77731501849952,30.0,59.1,2026-09-02T19:10:30.222932+00:00
871,24.551911416605318,-81.77731196140239,30.0,59.2,2026-09-02T19:10:30.422932+00:00
872,24.551913072266494,-81.77730890138456,29.9,59.3,2026-09-02T19:10:30.622932+00:00
873,24.551914723374864,-81.77730583839482,29.9,59.3,2026-09-02T19:10:30.822932+00:00
874,24.551916369846655,-81.77730277238983,29.9,59.4,2026-09-02T19:10:31.022932+00:00
875,24.551918011609462,-81.77729970333421,29.9,59.5,2026-09-02T19:10:31.222932+00:00
876,24.551919648602475,-81.77729663120054,29.9,59.6,2026-09-02T19:10:31.422932+00:00
877,24.55192128077668,-81.77729355596941,29.8,59.7,2026-09-02T19:10:31.622932+00:00
878,24.55192290809501,-81.77729047762934,29.8,59.8,2026-09-02T19:10:31.822932+00:00
879,24.55192453053245,-81.77728739617683,29.8,59.9,2026-09-02T19:10:32.022932+00:00
880,24.55192614807618,-81.77728431161623,29.8,60.0,2026-09-02T19:10:32.222932+00:00
881,24.55192776072561,-81.77728122395965,29.7,60.1,2026-09-02T19:10:32.422932+00:00
882,24.55192936849243,-81.77727813322691,29.7,60.2,2026-09-02T19:10:32.622932+00:00
883,24.55193097140062,-81.77727503944541,29.7,60.3,2026-09-02T19:10:32.822932+00:00
884,24.55193256948641,-81.77727194264997,29.7,60.4,2026-09-02T19:10:33.022932+00:00
885,24.551934162798258,-81.77726884288268,29.6,60.5,2026-09-02T19:10:33.222932+00:00
886,24.551935751396712,-81.77726574019273,29.6,60.6,2026-09-02T19:10:33.422932+00:00
887,24.55193733535433,-81.77726263463627,29.6,60.7,2026-09-02T19:10:33.622932+00:00
888,24.551938914755514,-81.77725952627613,29.6,60.8,2026-09-02T19:10:33.822932+00:00
889,24.551940489696307,-81.77725641518167,29.5,60.9,2026-09-02T19:10:34.022932+00:00
890,24.551942060284205,-81.77725330142854,29.5,61.0,2026-09-02T19:10:34.222932+00:00
891,24.55194362663788,-81.77725018509848,29.5,61.1,2026-09-02T19:10:34.422932+00:00
892,24.551945188886922,-81.77724706627899,29.5,61.2,2026-09-02T19:10:34.622932+00:00
893,24.55194674717152,-81.77724394506318,29.4,61.2,2026-09-02T19:10:34.822932+00:00
894,24.55194830164212,-81.77724082154946,29.4,61.3,2026-09-02T19:10:35.022932+00:00
895,24.55194985245906,-81.7772376958413,29.4,61.4,2026-09-02T19:10:35.222932+00:00
896,24.55195139979216,-81.77723456804692,29.3,61.5,2026-09-02T19:10:35.422932+00:00
897,24.551952943820307,-81.77723143827906,29.3,61.5,2026-09-02T19:10:35.622932+00:00
898,24.551954484731016,-81.77722830665469,29.3,61.6,2026-09-02T19:10:35.822932+00:00
899,24.55195602271993,-81.77722517329474,29.3,61.6,2026-09-02T19:10:36.022932+00:00
900,24.55195755799034,-81.77722203832376,29.2,61.7,2026-09-02T19:10:36.222932+00:00
901,24.55195909075265,-81.7772189018697,29.2,61.8,2026-09-02T19:10:36.422932+00:00
902,24.551960621223834,-81.7772157640636,29.2,61.8,2026-09-02T19:10:36.622932+00:00
903,24.551962149626892,-81.77721262503928,29.2,61.8,2026-09-02T19:10:36.822932+00:00
904,24.55196367619025,-81.77720948493307,29.1,61.9,2026-09-02T19:10:37.022932+00:00
905,24.551965201147176,-81.7772063438835,29.1,61.9,2026-09-02T19:10:37.222932+00:00
906,24.551966724735163,-81.77720320203106,29.1,61.9,2026-09-02T19:10:37.422932+00:00
907,24.55196824719531,-81.77720005951784,29.0,62.0,2026-09-02T19:10:37.622932+00:00
908,24.55196976877169,-81.77719691648726,29.0,62.0,2026-09-02T19:10:37.822932+00:00
909,24.55197128971071,-81.77719377308378,29.0,62.0,2026-09-02T19:10:38.022932+00:00
910,24.551972810260445,-81.77719062945266,29.0,62.0,2026-09-02T19:10:38.222932+00:00
911,24.551974330670003,-81.77718748573955,28.9,62.0,2026-09-02T19:10:38.422932+00:00
912,24.55197585118887,-81.7771843420903,28.9,62.0,2026-09-02T19:10:38.622932+00:00
913,24.551977372066236,-81.77718119865062,28.9,62.0,2026-09-02T19:10:38.822932+00:00
914,24.55197889355035,-81.77717805556583,28.8,62.0,2026-09-02T19:10:39.022932+00:00
915,24.551980415887858,-81.77717491298048,28.8,62.0,2026-09-02T19:10:39.222932+00:00
916,24.55198193932315,-81.77717177103817,28.8,61.9,2026-09-02T19:10:39.422932+00:00
917,24.55198346409773,-81.77716862988116,28.8,61.9,2026-09-02T19:10:39.622932+00:00
918,24.551984990449576,-81.77716548965013,28.7,61.9,2026-09-02T19:10:39.822932+00:00
919,24.5519865186125,-81.77716235048389,28.7,61.8,2026-09-02T19:10:40.022932+00:00
920,24.551988048815574,-81.77715921251905,28.7,61.8,2026-09-02T19:10:40.222932+00:00
921,24.551989581282488,-81.77715607588978,28.6,61.8,2026-09-02T19:10:40.422932+00:00
922,24.551991116231004,-81.77715294072746,28.6,61.7,2026-09-02T19:10:40.622932+00:00
923,24.55199265387236,-81.77714980716043,28.6,61.7,2026-09-02T19:10:40.822932+00:00
924,24.551994194410764,-81.77714667531369,28.6,61.6,2026-09-02T19:10:41.022932+00:00
925,24.55199573804283,-81.77714354530862,28.5,61.5,2026-09-02T19:10:41.222932+00:00
926,24.5519972849571,-81.7771404172627,28.5,61.5,2026-09-02T19:10:41.422932+00:00
927,24.551998835333553,-81.7771372912892,28.5,61.4,2026-09-02T19:10:41.622932+00:00
928,24.552000389343164,-81.77713416749694,28.4,61.3,2026-09-02T19:10:41.822932+00:00
929,24.552001947147463,-81.77713104598999,28.4,61.2,2026-09-02T19:10:42.022932+00:00
930,24.552003508898135,-81.77712792686738,28.4,61.2,2026-09-02T19:10:42.222932+00:00
931,24.552005074736662,-81.77712481022287,28.3,61.1,2026-09-02T19:10:42.422932+00:00
932,24.552006644793963,-81.77712169614472,28.3,61.0,2026-09-02T19:10:42.622932+00:00
933,24.552008219190075,-81.77711858471538,28.3,60.9,2026-09-02T19:10:42.822932+00:00
934,24.55200979803389,-81.77711547601125,28.3,60.8,2026-09-02T19:10:43.022932+00:00
935,24.552011381422883,-81.77711237010249,28.2,60.7,2026-09-02T19:10:43.222932+00:00
936,24.55201296944291,-81.77710926705277,28.2,60.6,2026-09-02T19:10:43.422932+00:00
937,24.552014562167997,-81.77710616691903,28.2,60.5,2026-09-02T19:10:43.622932+00:00
938,24.55201615966019,-81.77710306975136,28.1,60.4,2026-09-02T19:10:43.822932+00:00
939,24.552017761969445,-81.77709997559275,28.1,60.3,2026-09-02T19:10:44.022932+00:00
940,24.552019369133514,-81.77709688447892,28.1,60.2,2026-09-02T19:10:44.222932+00:00
941,24.552020981177893,-81.77709379643818,28.0,60.1,2026-09-02T19:10:44.422932+00:00
942,24.55202259811579,-81.77709071149128,28.0,60.0,2026-09-02T19:10:44.622932+00:00
943,24.55202421994814,-81.77708762965135,28.0,59.9,2026-09-02T19:10:44.822932+00:00
944,24.55202584666362,-81.77708455092368,28.0,59.8,2026-09-02T19:10:45.022932+00:00
945,24.55202747823873,-81.77708147530569,27.9,59.7,2026-09-02T19:10:45.222932+00:00
946,24.55202911463789,-81.77707840278696,27.9,59.6,2026-09-02T19:10:45.422932+00:00
947,24.552030755813544,-81.77707533334903,27.9,59.6,2026-09-02T19:10:45.622932+00:00
948,24.55203240170634,-81.77707226696548,27.8,59.5,2026-09-02T19:10:45.822932+00:00
949,24.5520340522453,-81.77706920360191,27.8,59.4,2026-09-02T19:10:46.022932+00:00
950,24.55203570734804,-81.77706614321598,27.8,59.3,2026-09-02T19:10:46.222932+00:00
951,24.552037366920985,-81.77706308575742,27.7,59.2,2026-09-02T19:10:46.422932+00:00
952,24.55203903085966,-81.77706003116815,27.7,59.1,2026-09-02T19:10:46.622932+00:00
953,24.552040699048963,-81.77705697938237,27.7,59.0,2026-09-02T19:10:46.822932+00:00
954,24.55204237136347,-81.77705393032667,27.7,58.9,2026-09-02T19:10:47.022932+00:00
955,24.55204404766779,-81.77705088392021,27.6,58.8,2026-09-02T19:10:47.222932+00:00
956,24.552045727816893,-81.77704784007483,27.6,58.7,2026-09-02T19:10:47.422932+00:00
957,24.55204741165651,-81.77704479869533,27.6,58.7,2026-09-02T19:10:47.622932+00:00
958,24.55204909902352,-81.77704175967963,27.5,58.6,2026-09-02T19:10:47.822932+00:00
959,24.55205078974636,-81.7770387229191,27.5,58.5,2026-09-02T19:10:48.022932+00:00
960,24.552052483645458,-81.77703568829874,27.5,58.5,2026-09-02T19:10:48.222932+00:00
961,24.552054180533688,-81.77703265569748,27.4,58.4,2026-09-02T19:10:48.422932+00:00
962,24.552055880216816,-81.77702962498857,27.4,58.3,2026-09-02T19:10:48.622932+00:00
963,24.552057582493994,-81.77702659603986,27.4,58.3,2026-09-02T19:10:48.822932+00:00
964,24.552059287158237,-81.77702356871418,27.4,58.2,2026-09-02T19:10:49.022932+00:00
965,24.55206099399692,-81.7770205428697,27.3,58.2,2026-09-02T19:10:49.222932+00:00
966,24.552062702792316,-81.77701751836034,27.3,58.2,2026-09-02T19:10:49.422932+00:00
967,24.55206441332207,-81.77701449503614,27.3,58.1,2026-09-02T19:10:49.622932+00:00
968,24.552066125359776,-81.77701147274374,27.2,58.1,2026-09-02T19:10:49.822932+00:00
969,24.55206783867548,-81.77700845132678,27.2,58.1,2026-09-02T19:10:50.022932+00:00
970,24.552069553036233,-81.77700543062636,27.2,58.0,2026-09-02T19:10:50.222932+00:00
971,24.55207126820665,-81.77700241048147,27.2,58.0,2026-09-02T19:10:50.422932+00:00
972,24.55207298394944,-81.77699939072953,27.1,58.0,2026-09-02T19:10:50.622932+00:00
973,24.55207470002598,-81.77699637120679,27.1,58.0,2026-09-02T19:10:50.822932+00:00
974,24.55207641619687,-81.77699335174883,27.1,58.0,2026-09-02T19:10:51.022932+00:00
975,24.552078132222487,-81.77699033219103,27.0,58.0,2026-09-02T19:10:51.222932+00:00
976,24.552079847863546,-81.77698731236906,27.0,58.0,2026-09-02T19:10:51.422932+00:00
977,24.552081562881668,-81.77698429211941,27.0,58.0,2026-09-02T19:10:51.622932+00:00
978,24.552083277039912,-81.77698127127974,27.0,58.0,2026-09-02T19:10:51.822932+00:00
979,24.55208499010337,-81.77697824968949,26.9,58.1,2026-09-02T19:10:52.022932+00:00
980,24.552086701839684,-81.77697522719026,26.9,58.1,2026-09-02T19:10:52.222932+00:00
981,24.55208841201961,-81.77697220362629,26.9,58.1,2026-09-02T19:10:52.422932+00:00
982,24.552090120417557,-81.77696917884488,26.8,58.2,2026-09-02T19:10:52.622932+00:00
983,24.55209182681211,-81.7769661526969,26.8,58.2,2026-09-02T19:10:52.822932+00:00
984,24.55209353098658,-81.77696312503713,26.8,58.2,2026-09-02T19:10:53.022932+00:00
985,24.5520952327295,-81.77696009572468,26.8,58.3,2026-09-02T19:10:53.222932+00:00
986,24.55209693183515,-81.77695706462342,26.7,58.4,2026-09-02T19:10:53.422932+00:00
987,24.552098628104044,-81.77695403160232,26.7,58.4,2026-09-02T19:10:53.622932+00:00
988,24.552100321343424,-81.7769509965358,26.7,58.5,2026-09-02T19:10:53.822932+00:00
989,24.55210201136773,-81.7769479593041,26.7,58.5,2026-09-02T19:10:54.022932+00:00
990,24.552103697999055,-81.77694491979352,26.6,58.6,2026-09-02T19:10:54.222932+00:00
991,24.55210538106759,-81.77694187789679,26.6,58.7,2026-09-02T19:10:54.422932+00:00
992,24.552107060412073,-81.77693883351327,26.6,58.8,2026-09-02T19:10:54.622932+00:00
993,24.55210873588015,-81.77693578654926,26.5,58.8,2026-09-02T19:10:54.822932+00:00
994,24.552110407328826,-81.77693273691813,26.5,58.9,2026-09-02T19:10:55.022932+00:00
995,24.552112074624787,-81.7769296845406,26.5,59.0,2026-09-02T19:10:55.222932+00:00
996,24.552113737644785,-81.77692662934487,26.5,59.1,2026-09-02T19:10:55.422932+00:00
997,24.55211539627594,-81.77692357126678,26.4,59.2,2026-09-02T19:10:55.622932+00:00
998,24.552117050416083,-81.77692051024987,26.4,59.3,2026-09-02T19:10:55.822932+00:00
999,24.55211869997399,-81.77691744624559,26.4,59.4,2026-09-02T19:10:56.022932+00:00
1000,24.55212034486969,-81.77691437921327,26.4,59.5,2026-09-02T19:10:56.222932+00:00
1001,24.552121985034645,-81.7769113091202,26.3,59.6,2026-09-02T19:10:56.422932+00:00
1002,24.552123620412004,-81.77690823594165,26.3,59.7,2026-09-02T19:10:56.622932+00:00
1003,24.55212525095675,-81.7769051596609,26.3,59.8,2026-09-02T19:10:56.822932+00:00
1004,24.55212687663585,-81.77690208026915,26.3,59.9,2026-09-02T19:10:57.022932+00:00
1005,24.552128497428395,-81.77689899776554,26.2,60.0,2026-09-02T19:10:57.222932+00:00
1006,24.55213011332566,-81.77689591215703,26.2,60.1,2026-09-02T19:10:57.422932+00:00
1007,24.55213172433118,-81.77689282345835,26.2,60.2,2026-09-02T19:10:57.622932+00:00
1008,24.552133330460787,-81.7768897316919,26.2,60.3,2026-09-02T19:10:57.822932+00:00
1009,24.552134931742582,-81.77688663688755,26.1,60.4,2026-09-02T19:10:58.022932+00:00
1010,24.552136528216913,-81.77688353908262,26.1,60.5,2026-09-02T19:10:58.222932+00:00
1011,24.552138119936316,-81.7768804383216,26.1,60.6,2026-09-02T19:10:58.422932+00:00
1012,24.5521397069654,-81.77687733465602,26.1,60.7,2026-09-02T19:10:58.622932+00:00
1013,24.55214128938071,-81.77687422814431,26.1,60.8,2026-09-02T19:10:58.822932+00:00
1014,24.552142867270597,-81.77687111885153,26.0,60.8,2026-09-02T19:10:59.022932+00:00
1015,24.552144440734978,-81.77686800684918,26.0,60.9,2026-09-02T19:10:59.222932+00:00
1016,24.55214600988514,-81.77686489221499,26.0,61.0,2026-09-02T19:10:59.422932+00:00
1017,24.552147574843453,-81.77686177503264,26.0,61.1,2026-09-02T19:10:59.622932+00:00
1018,24.552149135743115,-81.77685865539156,25.9,61.2,2026-09-02T19:10:59.822932+00:00
1019,24.5521506927278,-81.77685553338668,25.9,61.3,2026-09-02T19:11:00.022932+00:00
1020,24.552152245951323,-81.77685240911812,25.9,61.3,2026-09-02T19:11:00.222932+00:00
1021,24.552153795577258,-81.77684928269097,25.9,61.4,2026-09-02T19:11:00.422932+00:00
1022,24.552155341778516,-81.77684615421506,25.9,61.5,2026-09-02T19:11:00.622932+00:00
1023,24.55215688473695,-81.77684302380455,25.8,61.5,2026-09-02T19:11:00.822932+00:00
1024,24.552158424642847,-81.77683989157774,25.8,61.6,2026-09-02T19:11:01.022932+00:00
1025,24.552159961694493,-81.77683675765685,25.8,61.7,2026-09-02T19:11:01.222932+00:00
1026,24.552161496097625,-81.7768336221676,25.8,61.7,2026-09-02T19:11:01.422932+00:00
1027,24.552163028064914,-81.776830485239,25.8,61.8,2026-09-02T19:11:01.622932+00:00
1028,24.55216455781543,-81.77682734700306,25.7,61.8,2026-09-02T19:11:01.822932+00:00
1029,24.552166085574065,-81.77682420759449,25.7,61.9,2026-09-02T19:11:02.022932+00:00
1030,24.552167611570933,-81.77682106715038,25.7,61.9,2026-09-02T19:11:02.222932+00:00
1031,24.5521691360408,-81.77681792580995,25.7,61.9,2026-09-02T19:11:02.422932+00:00
1032,24.552170659222437,-81.77681478371427,25.7,61.9,2026-09-02T19:11:02.622932+00:00
1033,24.55217218135801,-81.7768116410059,25.6,62.0,2026-09-02T19:11:02.822932+00:00
1034,24.552173702692453,-81.77680849782867,25.6,62.0,2026-09-02T19:11:03.022932+00:00
1035,24.5521752234728,-81.77680535432731,25.6,62.0,2026-09-02T19:11:03.222932+00:00
1036,24.552176743947562,-81.77680221064723,25.6,62.0,2026-09-02T19:11:03.422932+00:00
1037,24.552178264366045,-81.77679906693423,25.6,62.0,2026-09-02T19:11:03.622932+00:00
1038,24.5521797849777,-81.7767959233341,25.6,62.0,2026-09-02T19:11:03.822932+00:00
1039,24.552181306031475,-81.77679277999249,25.5,62.0,2026-09-02T19:11:04.022932+00:00
1040,24.55218282777515,-81.77678963705446,25.5,62.0,2026-09-02T19:11:04.222932+00:00
1041,24.55218435045469,-81.77678649466431,25.5,62.0,2026-09-02T19:11:04.422932+00:00
1042,24.552185874313587,-81.7767833529652,25.5,61.9,2026-09-02T19:11:04.622932+00:00
1043,24.552187399592228,-81.7767802120989,25.5,61.9,2026-09-02T19:11:04.822932+00:00
1044,24.552188926527254,-81.77677707220546,25.5,61.9,2026-09-02T19:11:05.022932+00:00
1045,24.55219045535096,-81.77677393342303,25.4,61.8,2026-09-02T19:11:05.222932+00:00
1046,24.552191986290666,-81.7767707958874,25.4,61.8,2026-09-02T19:11:05.422932+00:00
1047,24.552193519568135,-81.77676765973185,25.4,61.7,2026-09-02T19:11:05.622932+00:00
1048,24.552195055399004,-81.77676452508676,25.4,61.7,2026-09-02T19:11:05.822932+00:00
1049,24.552196593992203,-81.77676139207938,25.4,61.6,2026-09-02T19:11:06.022932+00:00
1050,24.55219813554944,-81.77675826083356,25.4,61.6,2026-09-02T19:11:06.222932+00:00
1051,24.55219968026466,-81.77675513146936,25.3,61.5,2026-09-02T19:11:06.422932+00:00
1052,24.552201228323593,-81.77675200410287,25.3,61.4,2026-09-02T19:11:06.622932+00:00
1053,24.552202779903237,-81.77674887884592,25.3,61.4,2026-09-02T19:11:06.822932+00:00
1054,24.552204335171428,-81.77674575580576,25.3,61.3,2026-09-02T19:11:07.022932+00:00
1055,24.55220589428644,-81.77674263508479,25.3,61.2,2026-09-02T19:11:07.222932+00:00
1056,24.552207457396566,-81.77673951678028,25.3,61.1,2026-09-02T19:11:07.422932+00:00
1057,24.552209024639765,-81.77673640098422,25.3,61.1,2026-09-02T19:11:07.622932+00:00
1058,24.552210596143333,-81.77673328778289,25.3,61.0,2026-09-02T19:11:07.822932+00:00
1059,24.552212172023587,-81.77673017725675,25.2,60.9,2026-09-02T19:11:08.022932+00:00
1060,24.55221375238561,-81.77672706948013,25.2,60.8,2026-09-02T19:11:08.222932+00:00
1061,24.552215337323002,-81.77672396452103,25.2,60.7,2026-09-02T19:11:08.422932+00:00
1062,24.55221692691764,-81.77672086244088,25.2,60.6,2026-09-02T19:11:08.622932+00:00
1063,24.552218521239553,-81.77671776329436,25.2,60.5,2026-09-02T19:11:08.822932+00:00
1064,24.55222012034673,-81.77671466712916,25.2,60.4,2026-09-02T19:11:09.022932+00:00
1065,24.55222172428502,-81.77671157398585,25.2,60.3,2026-09-02T19:11:09.222932+00:00
1066,24.552223333088072,-81.77670848389768,25.2,60.2,2026-09-02T19:11:09.422932+00:00
1067,24.552224946777244,-81.77670539689043,25.2,60.1,2026-09-02T19:11:09.622932+00:00
1068,24.552226565361618,-81.77670231298232,25.1,60.0,2026-09-02T19:11:09.822932+00:00
1069,24.552228188838004,-81.77669923218382,25.1,59.9,2026-09-02T19:11:10.022932+00:00
1070,24.552229817190973,-81.7766961544976,25.1,59.8,2026-09-02T19:11:10.222932+00:00
1071,24.55223145039295,-81.77669307991845,25.1,59.7,2026-09-02T19:11:10.422932+00:00
1072,24.55223308840431,-81.77669000843325,25.1,59.6,2026-09-02T19:11:10.622932+00:00
1073,24.552234731173513,-81.77668694002085,25.1,59.5,2026-09-02T19:11:10.822932+00:00
1074,24.55223637863728,-81.77668387465218,25.1,59.4,2026-09-02T19:11:11.022932+00:00
1075,24.55223803072077,-81.77668081229014,25.1,59.3,2026-09-02T19:11:11.222932+00:00
1076,24.5522396873378,-81.77667775288968,25.1,59.2,2026-09-02T19:11:11.422932+00:00
1077,24.55224134839111,-81.77667469639796,25.1,59.1,2026-09-02T19:11:11.622932+00:00
1078,24.552243013772607,-81.77667164275427,25.1,59.1,2026-09-02T19:11:11.822932+00:00
1079,24.552244683363693,-81.77666859189021,25.1,59.0,2026-09-02T19:11:12.022932+00:00
1080,24.552246357035546,-81.77666554372989,25.1,58.9,2026-09-02T19:11:12.222932+00:00
1081,24.55224803464949,-81.77666249818995,25.1,58.8,2026-09-02T19:11:12.422932+00:00
1082,24.55224971605736,-81.77665945517987,25.0,58.7,2026-09-02T19:11:12.622932+00:00
1083,24.552251401101852,-81.7766564146021,25.0,58.6,2026-09-02T19:11:12.822932+00:00
1084,24.552253089616958,-81.77665337635234,25.0,58.6,2026-09-02T19:11:13.022932+00:00
1085,24.55225478142838,-81.77665034031976,25.0,58.5,2026-09-02T19:11:13.222932+00:00
1086,24.55225647635395,-81.77664730638728,25.0,58.4,2026-09-02T19:11:13.422932+00:00
1087,24.5522581742041,-81.7766442744319,25.0,58.4,2026-09-02T19:11:13.622932+00:00
1088,24.55225987478232,-81.77664124432502,25.0,58.3,2026-09-02T19:11:13.822932+00:00
1089,24.55226157788564,-81.77663821593276,25.0,58.3,2026-09-02T19:11:14.022932+00:00
1090,24.552263283305127,-81.77663518911633,25.0,58.2,2026-09-02T19:11:14.222932+00:00
1091,24.552264990826377,-81.77663216373244,25.0,58.2,2026-09-02T19:11:14.422932+00:00
1092,24.55226670023005,-81.77662913963364,25.0,58.1,2026-09-02T19:11:14.622932+00:00
1093,24.552268411292378,-81.77662611666881,25.0,58.1,2026-09-02T19:11:14.822932+00:00
1094,24.552270123785686,-81.77662309468349,25.0,58.1,2026-09-02T19:11:15.022932+00:00
1095,24.552271837478962,-81.77662007352043,25.0,58.1,2026-09-02T19:11:15.222932+00:00
1096,24.552273552138377,-81.77661705301999,25.0,58.0,2026-09-02T19:11:15.422932+00:00
1097,24.552275267527836,-81.77661403302058,25.0,58.0,2026-09-02T19:11:15.622932+00:00
1098,24.552276983409545,-81.77661101335914,25.0,58.0,2026-09-02T19:11:15.822932+00:00
1099,24.552278699544555,-81.77660799387165,25.0,58.0,2026-09-02T19:11:16.022932+00:00
1100,24.55228041569333,-81.77660497439358,25.0,58.0,2026-09-02T19:11:16.222932+00:00
1101,24.552282131616295,-81.77660195476035,25.0,58.0,2026-09-02T19:11:16.422932+00:00
1102,24.552283847074406,-81.77659893480785,25.0,58.0,2026-09-02T19:11:16.622932+00:00
1103,24.552285561829706,-81.77659591437292,25.0,58.0,2026-09-02T19:11:16.822932+00:00
1104,24.552287275645885,-81.77659289329377,25.0,58.0,2026-09-02T19:11:17.022932+00:00
1105,24.552288988288822,-81.7765898714105,25.0,58.1,2026-09-02T19:11:17.222932+00:00
1106,24.552290699527152,-81.77658684856554,25.0,58.1,2026-09-02T19:11:17.422932+00:00
1107,24.55229240913279,-81.77658382460412,25.0,58.1,2026-09-02T19:11:17.622932+00:00
1108,24.55229411688149,-81.7765807993747,25.0,58.2,2026-09-02T19:11:17.822932+00:00
1109,24.552295822553376,-81.7765777727294,25.0,58.2,2026-09-02T19:11:18.022932+00:00
1110,24.552297525933454,-81.77657474452442,25.0,58.3,2026-09-02T19:11:18.222932+00:00
1111,24.552299226812135,-81.77657171462045,25.0,58.3,2026-09-02T19:11:18.422932+00:00
1112,24.552300924985737,-81.77656868288298,25.0,58.4,2026-09-02T19:11:18.622932+00:00
1113,24.552302620256988,-81.77656564918283,25.0,58.4,2026-09-02T19:11:18.822932+00:00
1114,24.5523043124355,-81.77656261339632,25.0,58.5,2026-09-02T19:11:19.022932+00:00
1115,24.552306001338227,-81.7765595754057,25.0,58.6,2026-09-02T19:11:19.222932+00:00
1116,24.552307686789945,-81.77655653509937,25.0,58.6,2026-09-02T19:11:19.422932+00:00
1117,24.552309368623668,-81.7765534923723,25.0,58.7,2026-09-02T19:11:19.622932+00:00
1118,24.552311046681083,-81.77655044712616,25.1,58.8,2026-09-02T19:11:19.822932+00:00
1119,24.552312720812946,-81.77654739926956,25.1,58.9,2026-09-02T19:11:20.022932+00:00
1120,24.552314390879474,-81.77654434871836,25.1,59.0,2026-09-02T19:11:20.222932+00:00
1121,24.5523160567507,-81.77654129539577,25.1,59.0,2026-09-02T19:11:20.422932+00:00
1122,24.552317718306828,-81.77653823923255,25.1,59.1,2026-09-02T19:11:20.622932+00:00
1123,24.55231937543855,-81.77653518016709,25.1,59.2,2026-09-02T19:11:20.822932+00:00
1124,24.55232102804734,-81.77653211814561,25.1,59.3,2026-09-02T19:11:21.022932+00:00
1125,24.552322676045733,-81.77652905312219,25.1,59.4,2026-09-02T19:11:21.222932+00:00
1126,24.552324319357584,-81.77652598505883,25.1,59.5,2026-09-02T19:11:21.422932+00:00
1127,24.55232595791826,-81.7765229139255,25.1,59.6,2026-09-02T19:11:21.622932+00:00
1128,24.552327591674867,-81.77651983970019,25.1,59.7,2026-09-02T19:11:21.822932+00:00
1129,24.55232922058641,-81.77651676236883,25.1,59.8,2026-09-02T19:11:22.022932+00:00
1130,24.552330844623924,-81.7765136819253,25.1,59.9,2026-09-02T19:11:22.222932+00:00
1131,24.552332463770576,-81.77651059837136,25.1,60.0,2026-09-02T19:11:22.422932+00:00
1132,24.552334078021772,-81.77650751171662,25.2,60.1,2026-09-02T19:11:22.622932+00:00
1133,24.552335687385177,-81.77650442197839,25.2,60.2,2026-09-02T19:11:22.822932+00:00
1134,24.55233729188075,-81.77650132918158,25.2,60.3,2026-09-02T19:11:23.022932+00:00
1135,24.55233889154071,-81.77649823335862,25.2,60.4,2026-09-02T19:11:23.222932+00:00
1136,24.552340486409523,-81.77649513454922,25.2,60.5,2026-09-02T19:11:23.422932+00:00
1137,24.552342076543795,-81.77649203280028,25.2,60.6,2026-09-02T19:11:23.622932+00:00
1138,24.55234366201216,-81.77648892816568,25.2,60.7,2026-09-02T19:11:23.822932+00:00
1139,24.55234524289516,-81.77648582070609,25.2,60.8,2026-09-02T19:11:24.022932+00:00
1140,24.552346819285056,-81.77648271048875,25.2,60.9,2026-09-02T19:11:24.222932+00:00
1141,24.552348391285612,-81.77647959758731,25.3,61.0,2026-09-02T19:11:24.422932+00:00
1142,24.552349959011877,-81.7764764820815,25.3,61.0,2026-09-02T19:11:24.622932+00:00
1143,24.5523515225899,-81.77647336405697,25.3,61.1,2026-09-02T19:11:24.822932+00:00
1144,24.552353082156433,-81.77647024360505,25.3,61.2,2026-09-02T19:11:25.022932+00:00
1145,24.552354637858603,-81.7764671208224,25.3,61.3,2026-09-02T19:11:25.222932+00:00
1146,24.55235618985355,-81.7764639958109,25.3,61.4,2026-09-02T19:11:25.422932+00:00
1147,24.552357738308036,-81.77646086867723,25.3,61.4,2026-09-02T19:11:25.622932+00:00
1148,24.55235928339803,-81.77645773953267,25.3,61.5,2026-09-02T19:11:25.822932+00:00
1149,24.552360825308273,-81.77645460849287,25.4,61.6,2026-09-02T19:11:26.022932+00:00
1150,24.552362364231797,-81.77645147567746,25.4,61.6,2026-09-02T19:11:26.222932+00:00
1151,24.55236390036945,-81.77644834120986,25.4,61.7,2026-09-02T19:11:26.422932+00:00
1152,24.55236543392936,-81.77644520521692,25.4,61.7,2026-09-02T19:11:26.622932+00:00
1153,24.552366965126414,-81.77644206782871,25.4,61.8,2026-09-02T19:11:26.822932+00:00
1154,24.552368494181703,-81.77643892917817,25.4,61.8,2026-09-02T19:11:27.022932+00:00
1155,24.55237002132194,-81.77643578940085,25.4,61.9,2026-09-02T19:11:27.222932+00:00
1156,24.552371546778875,-81.7764326486346,25.5,61.9,2026-09-02T19:11:27.422932+00:00
1157,24.552373070788686,-81.77642950701927,25.5,61.9,2026-09-02T19:11:27.622932+00:00
1158,24.552374593591356,-81.77642636469648,25.5,62.0,2026-09-02T19:11:27.822932+00:00
1159,24.552376115430064,-81.77642322180921,25.5,62.0,2026-09-02T19:11:28.022932+00:00
1160,24.55237763655051,-81.77642007850169,25.5,62.0,2026-09-02T19:11:28.222932+00:00
1161,24.552379157200306,-81.77641693491888,25.5,62.0,2026-09-02T19:11:28.422932+00:00
1162,24.552380677628296,-81.77641379120637,25.6,62.0,2026-09-02T19:11:28.622932+00:00
1163,24.552382198083908,-81.77641064750995,25.6,62.0,2026-09-02T19:11:28.822932+00:00
1164,24.552383718816507,-81.77640750397543,25.6,62.0,2026-09-02T19:11:29.022932+00:00
1165,24.552385240074717,-81.77640436074829,25.6,62.0,2026-09-02T19:11:29.222932+00:00
1166,24.55238676210578,-81.77640121797336,25.6,62.0,2026-09-02T19:11:29.422932+00:00
1167,24.552388285154898,-81.77639807579457,25.7,61.9,2026-09-02T19:11:29.622932+00:00
1168,24.552389809464593,-81.77639493435468,25.7,61.9,2026-09-02T19:11:29.822932+00:00
1169,24.55239133527406,-81.77639179379491,25.7,61.9,2026-09-02T19:11:30.022932+00:00
1170,24.55239286281855,-81.77638865425472,25.7,61.9,2026-09-02T19:11:30.222932+00:00
1171,24.55239439232875,-81.77638551587145,25.7,61.8,2026-09-02T19:11:30.422932+00:00
1172,24.552395924030176,-81.7763823787801,25.8,61.8,2026-09-02T19:11:30.622932+00:00
1173,24.552397458142593,-81.77637924311303,25.8,61.7,2026-09-02T19:11:30.822932+00:00
1174,24.552398994879443,-81.77637610899957,25.8,61.7,2026-09-02T19:11:31.022932+00:00
1175,24.55240053444729,-81.77637297656588,25.8,61.6,2026-09-02T19:11:31.222932+00:00
1176,24.55240207704529,-81.77636984593454,25.8,61.6,2026-09-02T19:11:31.422932+00:00
1177,24.55240362286468,-81.77636671722433,25.9,61.5,2026-09-02T19:11:31.622932+00:00
1178,24.552405172088296,-81.77636359054996,25.9,61.4,2026-09-02T19:11:31.822932+00:00
1179,24.55240672489011,-81.7763604660217,25.9,61.3,2026-09-02T19:11:32.022932+00:00
1180,24.552408281434793,-81.77635734374522,25.9,61.3,2026-09-02T19:11:32.222932+00:00
1181,24.552409841877296,-81.77635422382123,25.9,61.2,2026-09-02T19:11:32.422932+00:00
1182,24.552411406362474,-81.77635110634527,26.0,61.1,2026-09-02T19:11:32.622932+00:00
1183,24.552412975024737,-81.77634799140742,26.0,61.0,2026-09-02T19:11:32.822932+00:00
1184,24.55241454798773,-81.77634487909201,26.0,60.9,2026-09-02T19:11:33.022932+00:00
1185,24.55241612536402,-81.77634176947748,26.0,60.9,2026-09-02T19:11:33.222932+00:00
1186,24.552417707254843,-81.77633866263608,26.1,60.8,2026-09-02T19:11:33.422932+00:00
1187,24.55241929374988,-81.77633555863359,26.1,60.7,2026-09-02T19:11:33.622932+00:00
1188,24.552420884927056,-81.77633245752922,26.1,60.6,2026-09-02T19:11:33.822932+00:00
1189,24.55242248085235,-81.7763293593753,26.1,60.5,2026-09-02T19:11:34.022932+00:00
1190,24.55242408157969,-81.77632626421716,26.1,60.4,2026-09-02T19:11:34.222932+00:00
1191,24.55242568715083,-81.77632317209293,26.2,60.3,2026-09-02T19:11:34.422932+00:00
1192,24.55242729759528,-81.77632008303334,26.2,60.2,2026-09-02T19:11:34.622932+00:00
1193,24.552428912930278,-81.77631699706167,26.2,60.1,2026-09-02T19:11:34.822932+00:00
1194,24.552430533160774,-81.77631391419351,26.2,60.0,2026-09-02T19:11:35.022932+00:00
1195,24.552432158279448,-81.77631083443674,26.3,59.9,2026-09-02T19:11:35.222932+00:00
1196,24.55243378826679,-81.7763077577914,26.3,59.8,2026-09-02T19:11:35.422932+00:00
1197,24.552435423091154,-81.77630468424962,26.3,59.7,2026-09-02T19:11:35.622932+00:00
1198,24.552437062708886,-81.77630161379557,26.3,59.6,2026-09-02T19:11:35.822932+00:00
1199,24.552438707064486,-81.77629854640543,26.4,59.5,2026-09-02T19:11:36.022932+00:00
1200,24.552440356090756,-81.77629548204742,26.4,59.4,2026-09-02T19:11:36.222932+00:00
1201,24.55244200970902,-81.77629242068178,26.4,59.3,2026-09-02T19:11:36.422932+00:00
1202,24.55244366782934,-81.77628936226087,26.4,59.2,2026-09-02T19:11:36.622932+00:00
1203,24.55244533035079,-81.77628630672913,26.5,59.1,2026-09-02T19:11:36.822932+00:00
1204,24.552446997161695,-81.77628325402327,26.5,59.0,2026-09-02T19:11:37.022932+00:00
1205,24.55244866813999,-81.77628020407236,26.5,58.9,2026-09-02T19:11:37.222932+00:00
1206,24.552450343153502,-81.77627715679797,26.5,58.9,2026-09-02T19:11:37.422932+00:00
1207,24.552452022060322,-81.77627411211432,26.6,58.8,2026-09-02T19:11:37.622932+00:00
1208,24.55245370470916,-81.7762710699285,26.6,58.7,2026-09-02T19:11:37.822932+00:00
1209,24.552455390939745,-81.77626803014067,26.6,58.6,2026-09-02T19:11:38.022932+00:00
1210,24.552457080583235,-81.77626499264429,26.7,58.6,2026-09-02T19:11:38.222932+00:00
1211,24.552458773462632,-81.77626195732638,26.7,58.5,2026-09-02T19:11:38.422932+00:00
1212,24.55246046939323,-81.77625892406789,26.7,58.4,2026-09-02T19:11:38.622932+00:00
1213,24.55246216818307,-81.77625589274385,26.7,58.4,2026-09-02T19:11:38.822932+00:00
1214,24.552463869633424,-81.77625286322386,26.8,58.3,2026-09-02T19:11:39.022932+00:00
1215,24.552465573539255,-81.77624983537235,26.8,58.3,2026-09-02T19:11:39.222932+00:00
1216,24.552467279689736,-81.77624680904898,26.8,58.2,2026-09-02T19:11:39.422932+00:00
1217,24.552468987868746,-81.776243784109,26.8,58.2,2026-09-02T19:11:39.622932+00:00
1218,24.552470697855394,-81.77624076040368,26.9,58.1,2026-09-02T19:11:39.822932+00:00
1219,24.552472409424535,-81.77623773778073,26.9,58.1,2026-09-02T19:11:40.022932+00:00
1220,24.552474122347316,-81.77623471608472,26.9,58.1,2026-09-02T19:11:40.222932+00:00
1221,24.552475836391718,-81.77623169515752,27.0,58.0,2026-09-02T19:11:40.422932+00:00
1222,24.552477551323083,-81.77622867483879,27.0,58.0,2026-09-02T19:11:40.622932+00:00
1223,24.55247926690469,-81.7762256549664,27.0,58.0,2026-09-02T19:11:40.822932+00:00
1224,24.552480982898288,-81.7762226353769,27.0,58.0,2026-09-02T19:11:41.022932+00:00
1225,24.552482699064676,-81.77621961590606,27.1,58.0,2026-09-02T19:11:41.222932+00:00
1226,24.552484415164233,-81.77621659638926,27.1,58.0,2026-09-02T19:11:41.422932+00:00
1227,24.552486130957504,-81.77621357666204,27.1,58.0,2026-09-02T19:11:41.622932+00:00
1228,24.552487846205754,-81.77621055656056,27.2,58.0,2026-09-02T19:11:41.822932+00:00
1229,24.552489560671507,-81.77620753592204,27.2,58.0,2026-09-02T19:11:42.022932+00:00
1230,24.552491274119127,-81.7762045145853,27.2,58.1,2026-09-02T19:11:42.222932+00:00
1231,24.552492986315375,-81.77620149239117,27.2,58.1,2026-09-02T19:11:42.422932+00:00
1232,24.552494697029907,-81.77619846918297,27.3,58.1,2026-09-02T19:11:42.622932+00:00
1233,24.55249640603589,-81.77619544480697,27.3,58.1,2026-09-02T19:11:42.822932+00:00
1234,24.552498113110474,-81.7761924191128,27.3,58.2,2026-09-02T19:11:43.022932+00:00
1235,24.552499818035376,-81.77618939195392,27.4,58.2,2026-09-02T19:11:43.222932+00:00
1236,24.552501520597357,-81.77618636318797,27.4,58.3,2026-09-02T19:11:43.422932+00:00
1237,24.552503220588758,-81.77618333267725,27.4,58.3,2026-09-02T19:11:43.622932+00:00
1238,24.552504917808005,-81.77618030028898,27.4,58.4,2026-09-02T19:11:43.822932+00:00
1239,24.552506612060075,-81.7761772658958,27.5,58.5,2026-09-02T19:11:44.022932+00:00
1240,24.55250830315701,-81.77617422937597,27.5,58.5,2026-09-02T19:11:44.222932+00:00
1241,24.552509990918335,-81.77617119061378,27.5,58.6,2026-09-02T19:11:44.422932+00:00
1242,24.55251167517156,-81.77616814949985,27.6,58.7,2026-09-02T19:11:44.622932+00:00
1243,24.552513355752556,-81.77616510593133,27.6,58.7,2026-09-02T19:11:44.822932+00:00
1244,24.552515032506022,-81.77616205981221,27.6,58.8,2026-09-02T19:11:45.022932+00:00
1245,24.55251670528586,-81.77615901105351,27.7,58.9,2026-09-02T19:11:45.222932+00:00
1246,24.55251837395554,-81.77615595957357,27.7,59.0,2026-09-02T19:11:45.422932+00:00
1247,24.552520038388483,-81.7761529052981,27.7,59.1,2026-09-02T19:11:45.622932+00:00
1248,24.55252169846838,-81.7761498481604,27.7,59.2,2026-09-02T19:11:45.822932+00:00
1249,24.552523354089516,-81.77614678810151,27.8,59.3,2026-09-02T19:11:46.022932+00:00
1250,24.552525005157058,-81.77614372507027,27.8,59.3,2026-09-02T19:11:46.222932+00:00
1251,24.55252665158733,-81.7761406590234,27.8,59.4,2026-09-02T19:11:46.422932+00:00
1252,24.552528293308015,-81.77613758992561,27.9,59.5,2026-09-02T19:11:46.622932+00:00
1253,24.55252993025843,-81.77613451774955,27.9,59.6,2026-09-02T19:11:46.822932+00:00
1254,24.552531562389653,-81.77613144247587,27.9,59.7,2026-09-02T19:11:47.022932+00:00
1255,24.552533189664718,-81.7761283640932,28.0,59.8,2026-09-02T19:11:47.222932+00:00
1256,24.552534812058738,-81.77612528259806,28.0,59.9,2026-09-02T19:11:47.422932+00:00
1257,24.55253642955898,-81.77612219799487,28.0,60.0,2026-09-02T19:11:47.622932+00:00
1258,24.552538042164976,-81.77611911029585,28.0,60.1,2026-09-02T19:11:47.822932+00:00
1259,24.55253964988852,-81.77611601952087,28.1,60.2,2026-09-02T19:11:48.022932+00:00
1260,24.5525412527537,-81.77611292569739,28.1,60.3,2026-09-02T19:11:48.222932+00:00
1261,24.552542850796865,-81.7761098288603,28.1,60.4,2026-09-02T19:11:48.422932+00:00
1262,24.552544444066562,-81.77610672905173,28.2,60.5,2026-09-02T19:11:48.622932+00:00
1263,24.55254603262346,-81.77610362632097,28.2,60.6,2026-09-02T19:11:48.822932+00:00
1264,24.55254761654022,-81.7761005207242,28.2,60.7,2026-09-02T19:11:49.022932+00:00
1265,24.552549195901346,-81.77609741232433,28.3,60.8,2026-09-02T19:11:49.222932+00:00
1266,24.552550770802988,-81.77609430119078,28.3,60.9,2026-09-02T19:11:49.422932+00:00
1267,24.552552341352737,-81.77609118739925,28.3,61.0,2026-09-02T19:11:49.622932+00:00
1268,24.55255390766937,-81.77608807103151,28.3,61.1,2026-09-02T19:11:49.822932+00:00
1269,24.552555469882574,-81.77608495217514,28.4,61.2,2026-09-02T19:11:50.022932+00:00
1270,24.55255702813262,-81.77608183092329,28.4,61.2,2026-09-02T19:11:50.222932+00:00
1271,24.55255858257005,-81.77607870737442,28.4,61.3,2026-09-02T19:11:50.422932+00:00
1272,24.552560133355282,-81.77607558163203,28.5,61.4,2026-09-02T19:11:50.622932+00:00
1273,24.55256168065823,-81.7760724538044,28.5,61.5,2026-09-02T19:11:50.822932+00:00
1274,24.552563224657852,-81.77606932400431,28.5,61.5,2026-09-02T19:11:51.022932+00:00
1275,24.55256476554174,-81.77606619234876,28.5,61.6,2026-09-02T19:11:51.222932+00:00
1276,24.552566303505603,-81.7760630589587,28.6,61.6,2026-09-02T19:11:51.422932+00:00
1277,24.5525678387528,-81.77605992395873,28.6,61.7,2026-09-02T19:11:51.622932+00:00
1278,24.552569371493796,-81.77605678747682,28.6,61.8,2026-09-02T19:11:51.822932+00:00
1279,24.552570901945625,-81.77605364964404,28.7,61.8,2026-09-02T19:11:52.022932+00:00
