ping_index,latitude,longitude,depth_m,heading_deg,timestamp
0,16.499997709996332,85.2000023883568,28.0,135.0,2026-09-06T16:45:45.367166+00:00
1,16.499995416001006,85.20000477254321,28.0,135.1,2026-09-06T16:45:45.567166+00:00
2,16.499993118030954,85.20000715256242,28.1,135.2,2026-09-06T16:45:45.767166+00:00
3,16.499990816112977,85.20000952842814,28.1,135.3,2026-09-06T16:45:45.967166+00:00
4,16.49998851028363,85.2000119001646,28.1,135.4,2026-09-06T16:45:46.167166+00:00
5,16.499986200589067,85.20001426780654,28.1,135.5,2026-09-06T16:45:46.367166+00:00
6,16.49998388708489,85.20001663139921,28.2,135.6,2026-09-06T16:45:46.567166+00:00
7,16.499981569835963,85.20001899099822,28.2,135.7,2026-09-06T16:45:46.767166+00:00
8,16.499979248916194,85.20002134666957,28.2,135.8,2026-09-06T16:45:46.967166+00:00
9,16.499976924408315,85.2000236984894,28.3,135.9,2026-09-06T16:45:47.167166+00:00
10,16.499974596403643,85.20002604654394,28.3,136.0,2026-09-06T16:45:47.367166+00:00
11,16.4999722650018,85.20002839092922,28.3,136.0,2026-09-06T16:45:47.567166+00:00
12,16.499969930310467,85.20003073175094,28.4,136.1,2026-09-06T16:45:47.767166+00:00
13,16.49996759244505,85.20003306912422,28.4,136.2,2026-09-06T16:45:47.967166+00:00
14,16.499965251528387,85.20003540317326,28.4,136.3,2026-09-06T16:45:48.167166+00:00
15,16.499962907690442,85.20003773403116,28.4,136.4,2026-09-06T16:45:48.367166+00:00
16,16.499960561067947,85.20004006183949,28.5,136.4,2026-09-06T16:45:48.567166+00:00
17,16.499958211804064,85.20004238674798,28.5,136.5,2026-09-06T16:45:48.767166+00:00
18,16.499955860048026,85.20004470891416,28.5,136.6,2026-09-06T16:45:48.967166+00:00
19,16.499953505954775,85.20004702850292,28.6,136.6,2026-09-06T16:45:49.167166+00:00
20,16.499951149684577,85.20004934568611,28.6,136.7,2026-09-06T16:45:49.367166+00:00
21,16.499948791402645,85.20005166064209,28.6,136.7,2026-09-06T16:45:49.567166+00:00
22,16.499946431278737,85.20005397355526,28.7,136.8,2026-09-06T16:45:49.767166+00:00
23,16.499944069486776,85.20005628461554,28.7,136.8,2026-09-06T16:45:49.967166+00:00
24,16.49994170620443,85.20005859401796,28.7,136.9,2026-09-06T16:45:50.167166+00:00
25,16.499939341612723,85.200060901962,28.7,136.9,2026-09-06T16:45:50.367166+00:00
26,16.499936975895586,85.20006320865114,28.8,136.9,2026-09-06T16:45:50.567166+00:00
27,16.499934609239478,85.20006551429232,28.8,137.0,2026-09-06T16:45:50.767166+00:00
28,16.49993224183294,85.20006781909531,28.8,137.0,2026-09-06T16:45:50.967166+00:00
29,16.499929873866193,85.2000701232722,28.9,137.0,2026-09-06T16:45:51.167166+00:00
30,16.499927505530696,85.20007242703677,28.9,137.0,2026-09-06T16:45:51.367166+00:00
31,16.49992513701873,85.20007473060399,28.9,137.0,2026-09-06T16:45:51.567166+00:00
32,16.499922768522968,85.20007703418929,28.9,137.0,2026-09-06T16:45:51.767166+00:00
33,16.499920400236046,85.20007933800811,29.0,137.0,2026-09-06T16:45:51.967166+00:00
34,16.499918032350134,85.20008164227522,29.0,137.0,2026-09-06T16:45:52.167166+00:00
35,16.499915665056516,85.20008394720418,29.0,137.0,2026-09-06T16:45:52.367166+00:00
36,16.499913298545156,85.2000862530067,29.1,136.9,2026-09-06T16:45:52.567166+00:00
37,16.499910933004283,85.20008855989215,29.1,136.9,2026-09-06T16:45:52.767166+00:00
38,16.49990856861995,85.2000908680669,29.1,136.9,2026-09-06T16:45:52.967166+00:00
39,16.49990620557564,85.20009317773382,29.1,136.9,2026-09-06T16:45:53.167166+00:00
40,16.49990384405183,85.20009548909168,29.2,136.8,2026-09-06T16:45:53.367166+00:00
41,16.49990148422559,85.20009780233465,29.2,136.8,2026-09-06T16:45:53.567166+00:00
42,16.49989912627017,85.2001001176518,29.2,136.7,2026-09-06T16:45:53.767166+00:00
43,16.499896770354592,85.20010243522653,29.3,136.7,2026-09-06T16:45:53.967166+00:00
44,16.49989441664327,85.20010475523613,29.3,136.6,2026-09-06T16:45:54.167166+00:00
45,16.499892065295594,85.20010707785131,29.3,136.6,2026-09-06T16:45:54.367166+00:00
46,16.499889716465578,85.20010940323577,29.3,136.5,2026-09-06T16:45:54.567166+00:00
47,16.499887370301455,85.20011173154575,29.4,136.4,2026-09-06T16:45:54.767166+00:00
48,16.499885026945332,85.2001140629296,29.4,136.4,2026-09-06T16:45:54.967166+00:00
49,16.49988268653283,85.20011639752754,29.4,136.3,2026-09-06T16:45:55.167166+00:00
50,16.499880349192726,85.20011873547115,29.4,136.2,2026-09-06T16:45:55.367166+00:00
51,16.499878015046647,85.20012107688315,29.5,136.1,2026-09-06T16:45:55.567166+00:00
52,16.499875684208714,85.20012342187711,29.5,136.0,2026-09-06T16:45:55.767166+00:00
53,16.49987335678527,85.20012577055708,29.5,135.9,2026-09-06T16:45:55.967166+00:00
54,16.499871032874566,85.20012812301749,29.5,135.9,2026-09-06T16:45:56.167166+00:00
55,16.49986871256649,85.20013047934287,29.6,135.8,2026-09-06T16:45:56.367166+00:00
56,16.499866395942306,85.20013283960766,29.6,135.7,2026-09-06T16:45:56.567166+00:00
57,16.499864083074417,85.20013520387612,29.6,135.6,2026-09-06T16:45:56.767166+00:00
58,16.499861774026144,85.20013757220212,29.6,135.5,2026-09-06T16:45:56.967166+00:00
59,16.49985946885151,85.20013994462916,29.7,135.4,2026-09-06T16:45:57.167166+00:00
60,16.49985716759507,85.20014232119021,29.7,135.3,2026-09-06T16:45:57.367166+00:00
61,16.49985487029175,85.20014470190775,29.7,135.2,2026-09-06T16:45:57.567166+00:00
62,16.499852576966692,85.20014708679369,29.7,135.1,2026-09-06T16:45:57.767166+00:00
63,16.499850287635162,85.20014947584946,29.8,135.0,2026-09-06T16:45:57.967166+00:00
64,16.499848002302453,85.20015186906606,29.8,134.9,2026-09-06T16:45:58.167166+00:00
65,16.4998457209638,85.20015426642408,29.8,134.8,2026-09-06T16:45:58.367166+00:00
66,16.49984344360438,85.20015666789385,29.8,134.7,2026-09-06T16:45:58.567166+00:00
67,16.49984117019925,85.20015907343554,29.9,134.6,2026-09-06T16:45:58.767166+00:00
68,16.4998389007134,85.20016148299938,29.9,134.5,2026-09-06T16:45:58.967166+00:00
69,16.49983663510178,85.2001638965257,29.9,134.4,2026-09-06T16:45:59.167166+00:00
70,16.499834373309355,85.20016631394526,29.9,134.3,2026-09-06T16:45:59.367166+00:00
71,16.499832115271236,85.20016873517942,30.0,134.2,2026-09-06T16:45:59.567166+00:00
72,16.49982986091276,85.20017116014036,30.0,134.1,2026-09-06T16:45:59.767166+00:00
73,16.499827610149683,85.20017358873139,30.0,134.0,2026-09-06T16:45:59.967166+00:00
74,16.499825362888338,85.20017602084714,30.0,133.9,2026-09-06T16:46:00.167166+00:00
75,16.499823119025834,85.20017845637396,30.0,133.9,2026-09-06T16:46:00.367166+00:00
76,16.49982087845033,85.20018089519014,30.1,133.8,2026-09-06T16:46:00.567166+00:00
77,16.49981864104125,85.20018333716631,30.1,133.7,2026-09-06T16:46:00.767166+00:00
78,16.499816406669623,85.20018578216569,30.1,133.6,2026-09-06T16:46:00.967166+00:00
79,16.499814175198356,85.20018823004455,30.1,133.6,2026-09-06T16:46:01.167166+00:00
80,16.49981194648259,85.20019068065245,30.2,133.5,2026-09-06T16:46:01.367166+00:00
81,16.499809720370095,85.20019313383277,30.2,133.4,2026-09-06T16:46:01.567166+00:00
82,16.499807496701596,85.20019558942292,30.2,133.4,2026-09-06T16:46:01.767166+00:00
83,16.499805275311246,85.20019804725486,30.2,133.3,2026-09-06T16:46:01.967166+00:00
84,16.499803056027027,85.20020050715546,30.2,133.3,2026-09-06T16:46:02.167166+00:00
85,16.499800838671206,85.2002029689469,30.3,133.2,2026-09-06T16:46:02.367166+00:00
86,16.49979862306082,85.2002054324471,30.3,133.2,2026-09-06T16:46:02.567166+00:00
87,16.499796409008137,85.20020789747016,30.3,133.1,2026-09-06T16:46:02.767166+00:00
88,16.499794196321194,85.20021036382674,30.3,133.1,2026-09-06T16:46:02.967166+00:00
89,16.499791984804293,85.20021283132452,30.3,133.1,2026-09-06T16:46:03.167166+00:00
90,16.499789774258538,85.20021529976864,30.3,133.0,2026-09-06T16:46:03.367166+00:00
91,16.49978756448237,85.20021776896216,30.4,133.0,2026-09-06T16:46:03.567166+00:00
92,16.499785355272127,85.20022023870642,30.4,133.0,2026-09-06T16:46:03.767166+00:00
93,16.49978314642259,85.20022270880156,30.4,133.0,2026-09-06T16:46:03.967166+00:00
94,16.499780937727557,85.20022517904695,30.4,133.0,2026-09-06T16:46:04.167166+00:00
95,16.499778728980402,85.20022764924161,30.4,133.0,2026-09-06T16:46:04.367166+00:00
96,16.49977651997464,85.2002301191847,30.5,133.0,2026-09-06T16:46:04.567166+00:00
97,16.49977431050448,85.20023258867589,30.5,133.0,2026-09-06T16:46:04.767166+00:00
98,16.49977210036544,85.2002350575159,30.5,133.0,2026-09-06T16:46:04.967166+00:00
99,16.499769889354837,85.20023752550688,30.5,133.1,2026-09-06T16:46:05.167166+00:00
100,16.49976767727239,85.20023999245288,30.5,133.1,2026-09-06T16:46:05.367166+00:00
101,16.499765463920756,85.20024245816025,30.5,133.1,2026-09-06T16:46:05.567166+00:00
102,16.499763249106046,85.20024492243813,30.6,133.1,2026-09-06T16:46:05.767166+00:00
103,16.499761032638364,85.20024738509888,30.6,133.2,2026-09-06T16:46:05.967166+00:00
104,16.499758814332335,85.20024984595845,30.6,133.2,2026-09-06T16:46:06.167166+00:00
105,16.499756594007565,85.20025230483687,30.6,133.3,2026-09-06T16:46:06.367166+00:00
106,16.49975437148915,85.20025476155863,30.6,133.3,2026-09-06T16:46:06.567166+00:00
107,16.499752146608124,85.2002572159531,30.6,133.4,2026-09-06T16:46:06.767166+00:00
108,16.49974991920191,85.20025966785497,30.6,133.5,2026-09-06T16:46:06.967166+00:00
109,16.499747689114734,85.2002621171046,30.7,133.5,2026-09-06T16:46:07.167166+00:00
110,16.49974545619803,85.20026456354844,30.7,133.6,2026-09-06T16:46:07.367166+00:00
111,16.499743220310823,85.20026700703939,30.7,133.7,2026-09-06T16:46:07.567166+00:00
112,16.499740981320073,85.20026944743718,30.7,133.7,2026-09-06T16:46:07.767166+00:00
113,16.499738739101,85.20027188460872,30.7,133.8,2026-09-06T16:46:07.967166+00:00
114,16.499736493537405,85.20027431842848,30.7,133.9,2026-09-06T16:46:08.167166+00:00
115,16.499734244521928,85.20027674877876,30.7,134.0,2026-09-06T16:46:08.367166+00:00
116,16.499731991956306,85.20027917555005,30.8,134.1,2026-09-06T16:46:08.567166+00:00
117,16.499729735751604,85.20028159864133,30.8,134.2,2026-09-06T16:46:08.767166+00:00
118,16.49972747582838,85.20028401796033,30.8,134.3,2026-09-06T16:46:08.967166+00:00
119,16.499725212116896,85.20028643342384,30.8,134.3,2026-09-06T16:46:09.167166+00:00
120,16.49972294455721,85.20028884495795,30.8,134.4,2026-09-06T16:46:09.367166+00:00
121,16.49972067309932,85.2002912524982,30.8,134.5,2026-09-06T16:46:09.567166+00:00
122,16.499718397703226,85.20029365598992,30.8,134.6,2026-09-06T16:46:09.767166+00:00
123,16.499716118339002,85.2002960553883,30.8,134.7,2026-09-06T16:46:09.967166+00:00
124,16.499713834986807,85.20029845065865,30.8,134.8,2026-09-06T16:46:10.167166+00:00
125,16.499711547636892,85.20030084177644,30.8,134.9,2026-09-06T16:46:10.367166+00:00
126,16.499709256289577,85.20030322872749,30.9,135.0,2026-09-06T16:46:10.567166+00:00
127,16.499706960955194,85.20030561150807,30.9,135.1,2026-09-06T16:46:10.767166+00:00
128,16.499704661654,85.2003079901249,30.9,135.2,2026-09-06T16:46:10.967166+00:00
129,16.499702358416094,85.20031036459521,30.9,135.3,2026-09-06T16:46:11.167166+00:00
130,16.499700051281273,85.20031273494676,30.9,135.4,2026-09-06T16:46:11.367166+00:00
131,16.499697740298892,85.20031510121787,30.9,135.5,2026-09-06T16:46:11.567166+00:00
132,16.499695425527687,85.20031746345725,30.9,135.6,2026-09-06T16:46:11.767166+00:00
133,16.499693107035586,85.20031982172405,30.9,135.7,2026-09-06T16:46:11.967166+00:00
134,16.499690784899492,85.20032217608767,30.9,135.8,2026-09-06T16:46:12.167166+00:00
135,16.499688459205053,85.20032452662764,30.9,135.9,2026-09-06T16:46:12.367166+00:00
136,16.499686130046413,85.20032687343354,30.9,136.0,2026-09-06T16:46:12.567166+00:00
137,16.499683797525933,85.20032921660466,30.9,136.1,2026-09-06T16:46:12.767166+00:00
138,16.499681461753912,85.2003315562499,30.9,136.2,2026-09-06T16:46:12.967166+00:00
139,16.49967912284831,85.20033389248748,31.0,136.2,2026-09-06T16:46:13.167166+00:00
140,16.499676780934394,85.20033622544462,31.0,136.3,2026-09-06T16:46:13.367166+00:00
141,16.499674436144435,85.20033855525729,31.0,136.4,2026-09-06T16:46:13.567166+00:00
142,16.49967208861737,85.20034088206985,31.0,136.5,2026-09-06T16:46:13.767166+00:00
143,16.499669738498447,85.20034320603472,31.0,136.5,2026-09-06T16:46:13.967166+00:00
144,16.499667385938857,85.20034552731191,31.0,136.6,2026-09-06T16:46:14.167166+00:00
145,16.49966503109537,85.20034784606874,31.0,136.6,2026-09-06T16:46:14.367166+00:00
146,16.49966267412997,85.20035016247928,31.0,136.7,2026-09-06T16:46:14.567166+00:00
147,16.49966031520943,85.20035247672398,31.0,136.8,2026-09-06T16:46:14.767166+00:00
148,16.499657954504965,85.20035478898913,31.0,136.8,2026-09-06T16:46:14.967166+00:00
149,16.499655592191797,85.20035709946646,31.0,136.8,2026-09-06T16:46:15.167166+00:00
150,16.499653228448768,85.20035940835253,31.0,136.9,2026-09-06T16:46:15.367166+00:00
151,16.49965086345792,85.20036171584823,31.0,136.9,2026-09-06T16:46:15.567166+00:00
152,16.499648497404092,85.20036402215828,31.0,136.9,2026-09-06T16:46:15.767166+00:00
153,16.499646130474485,85.20036632749061,31.0,137.0,2026-09-06T16:46:15.967166+00:00
154,16.49964376285826,85.20036863205586,31.0,137.0,2026-09-06T16:46:16.167166+00:00
155,16.499641394746085,85.20037093606672,31.0,137.0,2026-09-06T16:46:16.367166+00:00
156,16.499639026329756,85.20037323973749,31.0,137.0,2026-09-06T16:46:16.567166+00:00
157,16.499636657801734,85.2003755432833,31.0,137.0,2026-09-06T16:46:16.767166+00:00
158,16.49963428935472,85.20037784691968,31.0,137.0,2026-09-06T16:46:16.967166+00:00
159,16.499631921181244,85.2003801508619,31.0,137.0,2026-09-06T16:46:17.167166+00:00
160,16.499629553473227,85.2003824553244,31.0,137.0,2026-09-06T16:46:17.367166+00:00
161,16.49962718642156,85.2003847605202,31.0,137.0,2026-09-06T16:46:17.567166+00:00
162,16.49962482021566,85.20038706666026,31.0,136.9,2026-09-06T16:46:17.767166+00:00
163,16.499622455043077,85.200389373953,31.0,136.9,2026-09-06T16:46:17.967166+00:00
164,16.49962009108905,85.20039168260368,31.0,136.9,2026-09-06T16:46:18.167166+00:00
165,16.499617728536094,85.20039399281386,31.0,136.8,2026-09-06T16:46:18.367166+00:00
166,16.49961536756359,85.20039630478081,31.0,136.8,2026-09-06T16:46:18.567166+00:00
167,16.499613008347364,85.20039861869705,31.0,136.8,2026-09-06T16:46:18.767166+00:00
168,16.49961065105929,85.2004009347498,31.0,136.7,2026-09-06T16:46:18.967166+00:00
169,16.49960829586688,85.20040325312043,31.0,136.7,2026-09-06T16:46:19.167166+00:00
170,16.49960594293291,85.20040557398411,31.0,136.6,2026-09-06T16:46:19.367166+00:00
171,16.499603592415,85.20040789750922,31.0,136.5,2026-09-06T16:46:19.567166+00:00
172,16.499601244465257,85.20041022385699,31.0,136.5,2026-09-06T16:46:19.767166+00:00
173,16.499598899229902,85.20041255318105,31.0,136.4,2026-09-06T16:46:19.967166+00:00
174,16.4995965568489,85.20041488562711,31.0,136.3,2026-09-06T16:46:20.167166+00:00
175,16.499594217455602,85.20041722133246,31.0,136.2,2026-09-06T16:46:20.367166+00:00
176,16.49959188117643,85.20041956042576,30.9,136.2,2026-09-06T16:46:20.567166+00:00
177,16.4995895481305,85.20042190302665,30.9,136.1,2026-09-06T16:46:20.767166+00:00
178,16.49958721842937,85.20042424924556,30.9,136.0,2026-09-06T16:46:20.967166+00:00
179,16.499584892176685,85.20042659918332,30.9,135.9,2026-09-06T16:46:21.167166+00:00
180,16.49958256946791,85.20042895293106,30.9,135.8,2026-09-06T16:46:21.367166+00:00
181,16.49958025039007,85.20043131056994,30.9,135.7,2026-09-06T16:46:21.567166+00:00
182,16.499577935021474,85.20043367217097,30.9,135.6,2026-09-06T16:46:21.767166+00:00
183,16.49957562343149,85.20043603779494,30.9,135.5,2026-09-06T16:46:21.967166+00:00
184,16.499573315680337,85.20043840749226,30.9,135.4,2026-09-06T16:46:22.167166+00:00
185,16.499571011818873,85.20044078130285,30.9,135.3,2026-09-06T16:46:22.367166+00:00
186,16.49956871188843,85.20044315925618,30.9,135.2,2026-09-06T16:46:22.567166+00:00
187,16.499566415920654,85.20044554137118,30.9,135.1,2026-09-06T16:46:22.767166+00:00
188,16.499564123937386,85.20044792765621,30.9,135.0,2026-09-06T16:46:22.967166+00:00
189,16.499561835950544,85.20045031810922,30.8,134.9,2026-09-06T16:46:23.167166+00:00
190,16.499559551962044,85.20045271271768,30.8,134.8,2026-09-06T16:46:23.367166+00:00
191,16.49955727196374,85.2004551114587,30.8,134.8,2026-09-06T16:46:23.567166+00:00
192,16.49955499593741,85.2004575142992,30.8,134.7,2026-09-06T16:46:23.767166+00:00
193,16.499552723854713,85.200459921196,30.8,134.6,2026-09-06T16:46:23.967166+00:00
194,16.499550455677266,85.20046233209594,30.8,134.5,2026-09-06T16:46:24.167166+00:00
195,16.499548191356652,85.20046474693613,30.8,134.4,2026-09-06T16:46:24.367166+00:00
196,16.49954593083451,85.20046716564416,30.8,134.3,2026-09-06T16:46:24.567166+00:00
197,16.499543674042645,85.20046958813826,30.8,134.2,2026-09-06T16:46:24.767166+00:00
198,16.49954142090316,85.2004720143276,30.8,134.1,2026-09-06T16:46:24.967166+00:00
199,16.49953917132861,85.20047444411253,30.7,134.0,2026-09-06T16:46:25.167166+00:00
200,16.499536925222205,85.20047687738489,30.7,133.9,2026-09-06T16:46:25.367166+00:00
201,16.49953468247802,85.20047931402826,30.7,133.8,2026-09-06T16:46:25.567166+00:00
202,16.499532442981245,85.20048175391831,30.7,133.7,2026-09-06T16:46:25.767166+00:00
203,16.499530206608448,85.20048419692316,30.7,133.7,2026-09-06T16:46:25.967166+00:00
204,16.499527973227885,85.20048664290364,30.7,133.6,2026-09-06T16:46:26.167166+00:00
205,16.499525742699817,85.20048909171372,30.7,133.5,2026-09-06T16:46:26.367166+00:00
206,16.499523514876866,85.20049154320085,30.6,133.5,2026-09-06T16:46:26.567166+00:00
207,16.499521289604377,85.20049399720635,30.6,133.4,2026-09-06T16:46:26.767166+00:00
208,16.499519066720833,85.20049645356576,30.6,133.3,2026-09-06T16:46:26.967166+00:00
209,16.499516846058253,85.20049891210928,30.6,133.3,2026-09-06T16:46:27.167166+00:00
210,16.499514627442647,85.20050137266216,30.6,133.2,2026-09-06T16:46:27.367166+00:00
211,16.499512410694468,85.2005038350451,30.6,133.2,2026-09-06T16:46:27.567166+00:00
212,16.4995101956291,85.20050629907469,30.6,133.2,2026-09-06T16:46:27.767166+00:00
213,16.499507982057327,85.20050876456382,30.5,133.1,2026-09-06T16:46:27.967166+00:00
214,16.499505769785877,85.20051123132211,30.5,133.1,2026-09-06T16:46:28.167166+00:00
215,16.499503558617906,85.20051369915633,30.5,133.1,2026-09-06T16:46:28.367166+00:00
216,16.49950134835357,85.20051616787089,30.5,133.0,2026-09-06T16:46:28.567166+00:00
217,16.499499138790537,85.20051863726817,30.5,133.0,2026-09-06T16:46:28.767166+00:00
218,16.49949692972456,85.20052110714911,30.5,133.0,2026-09-06T16:46:28.967166+00:00
219,16.49949472095003,85.20052357731352,30.4,133.0,2026-09-06T16:46:29.167166+00:00
220,16.499492512260534,85.2005260475606,30.4,133.0,2026-09-06T16:46:29.367166+00:00
221,16.49949030344943,85.20052851768938,30.4,133.0,2026-09-06T16:46:29.567166+00:00
222,16.499488094310404,85.20053098749914,30.4,133.0,2026-09-06T16:46:29.767166+00:00
223,16.499485884638048,85.20053345678986,30.4,133.0,2026-09-06T16:46:29.967166+00:00
224,16.499483674228415,85.20053592536266,30.4,133.0,2026-09-06T16:46:30.167166+00:00
225,16.499481462879576,85.20053839302031,30.3,133.1,2026-09-06T16:46:30.367166+00:00
226,16.499479250392174,85.20054085956758,30.3,133.1,2026-09-06T16:46:30.567166+00:00
227,16.499477036569964,85.2005433248117,30.3,133.1,2026-09-06T16:46:30.767166+00:00
228,16.499474821220346,85.20054578856288,30.3,133.2,2026-09-06T16:46:30.967166+00:00
229,16.499472604154896,85.20054825063458,30.3,133.2,2026-09-06T16:46:31.167166+00:00
230,16.49947038518984,85.20055071084411,30.2,133.2,2026-09-06T16:46:31.367166+00:00
231,16.499468164146595,85.20055316901295,30.2,133.3,2026-09-06T16:46:31.567166+00:00
232,16.4994659408522,85.2005556249672,30.2,133.4,2026-09-06T16:46:31.767166+00:00
233,16.49946371513978,85.20055807853795,30.2,133.4,2026-09-06T16:46:31.967166+00:00
234,16.499461486849007,85.20056052956177,30.2,133.5,2026-09-06T16:46:32.167166+00:00
235,16.49945925582649,85.20056297788102,30.1,133.5,2026-09-06T16:46:32.367166+00:00
236,16.499457021926172,85.20056542334426,30.1,133.6,2026-09-06T16:46:32.567166+00:00
237,16.499454785009707,85.20056786580668,30.1,133.7,2026-09-06T16:46:32.767166+00:00
238,16.49945254494679,85.20057030513036,30.1,133.8,2026-09-06T16:46:32.967166+00:00
239,16.499450301615514,85.20057274118473,30.0,133.8,2026-09-06T16:46:33.167166+00:00
240,16.499448054902608,85.20057517384684,30.0,133.9,2026-09-06T16:46:33.367166+00:00
241,16.499445804703747,85.20057760300172,30.0,134.0,2026-09-06T16:46:33.567166+00:00
242,16.499443550923782,85.20058002854267,30.0,134.1,2026-09-06T16:46:33.767166+00:00
243,16.499441293476952,85.20058245037161,30.0,134.2,2026-09-06T16:46:33.967166+00:00
244,16.499439032287064,85.20058486839928,29.9,134.3,2026-09-06T16:46:34.167166+00:00
245,16.49943676728765,85.20058728254554,29.9,134.4,2026-09-06T16:46:34.367166+00:00
246,16.499434498422104,85.20058969273967,29.9,134.5,2026-09-06T16:46:34.567166+00:00
247,16.499432225643783,85.20059209892047,29.9,134.6,2026-09-06T16:46:34.767166+00:00
248,16.49942994891607,85.20059450103656,29.8,134.7,2026-09-06T16:46:34.967166+00:00
249,16.499427668212427,85.20059689904652,29.8,134.8,2026-09-06T16:46:35.167166+00:00
250,16.499425383516414,85.20059929291904,29.8,134.9,2026-09-06T16:46:35.367166+00:00
251,16.499423094821665,85.2006016826331,29.8,135.0,2026-09-06T16:46:35.567166+00:00
252,16.499420802131876,85.20060406817801,29.7,135.1,2026-09-06T16:46:35.767166+00:00
253,16.499418505460724,85.20060644955353,29.7,135.2,2026-09-06T16:46:35.967166+00:00
254,16.499416204831792,85.20060882676992,29.7,135.3,2026-09-06T16:46:36.167166+00:00
255,16.499413900278455,85.20061119984797,29.7,135.4,2026-09-06T16:46:36.367166+00:00
256,16.499411591843746,85.20061356881898,29.6,135.5,2026-09-06T16:46:36.567166+00:00
257,16.499409279580192,85.20061593372478,29.6,135.6,2026-09-06T16:46:36.767166+00:00
258,16.499406963549642,85.20061829461758,29.6,135.7,2026-09-06T16:46:36.967166+00:00
259,16.499404643823066,85.20062065156,29.6,135.7,2026-09-06T16:46:37.167166+00:00
260,16.499402320480336,85.20062300462487,29.5,135.8,2026-09-06T16:46:37.367166+00:00
261,16.499399993609988,85.20062535389512,29.5,135.9,2026-09-06T16:46:37.567166+00:00
262,16.49939766330895,85.20062769946361,29.5,136.0,2026-09-06T16:46:37.767166+00:00
263,16.4993953296823,85.2006300414329,29.5,136.1,2026-09-06T16:46:37.967166+00:00
264,16.499392992842946,85.20063237991504,29.4,136.2,2026-09-06T16:46:38.167166+00:00
265,16.499390652911327,85.2006347150313,29.4,136.3,2026-09-06T16:46:38.367166+00:00
266,16.499388310015114,85.20063704691191,29.4,136.3,2026-09-06T16:46:38.567166+00:00
267,16.49938596428886,85.20063937569569,29.4,136.4,2026-09-06T16:46:38.767166+00:00
268,16.499383615873658,85.20064170152973,29.3,136.5,2026-09-06T16:46:38.967166+00:00
269,16.499381264916796,85.20064402456907,29.3,136.5,2026-09-06T16:46:39.167166+00:00
270,16.499378911571384,85.20064634497622,29.3,136.6,2026-09-06T16:46:39.367166+00:00
271,16.499376555995983,85.2006486629208,29.3,136.7,2026-09-06T16:46:39.567166+00:00
272,16.49937419835424,85.20065097857909,29.2,136.7,2026-09-06T16:46:39.767166+00:00
273,16.499371838814465,85.20065329213355,29.2,136.8,2026-09-06T16:46:39.967166+00:00
274,16.49936947754926,85.20065560377239,29.2,136.8,2026-09-06T16:46:40.167166+00:00
275,16.49936711473511,85.20065791368899,29.1,136.9,2026-09-06T16:46:40.367166+00:00
276,16.499364750551983,85.20066022208141,29.1,136.9,2026-09-06T16:46:40.567166+00:00
277,16.49936238518291,85.20066252915194,29.1,136.9,2026-09-06T16:46:40.767166+00:00
278,16.499360018813565,85.2006648351064,29.1,136.9,2026-09-06T16:46:40.967166+00:00
279,16.499357651631854,85.20066714015371,29.0,137.0,2026-09-06T16:46:41.167166+00:00
280,16.499355283827498,85.20066944450527,29.0,137.0,2026-09-06T16:46:41.367166+00:00
281,16.499352915591597,85.20067174837436,29.0,137.0,2026-09-06T16:46:41.567166+00:00
282,16.499350547116205,85.20067405197562,28.9,137.0,2026-09-06T16:46:41.767166+00:00
283,16.499348178593916,85.20067635552442,28.9,137.0,2026-09-06T16:46:41.967166+00:00
284,16.499345810217427,85.20067865923623,28.9,137.0,2026-09-06T16:46:42.167166+00:00
285,16.49934344217911,85.20068096332612,28.9,137.0,2026-09-06T16:46:42.367166+00:00
286,16.49934107467058,85.2006832680081,28.8,137.0,2026-09-06T16:46:42.567166+00:00
287,16.49933870788228,85.20068557349458,28.8,137.0,2026-09-06T16:46:42.767166+00:00
288,16.499336342003055,85.20068787999573,28.8,136.9,2026-09-06T16:46:42.967166+00:00
289,16.499333977219724,85.20069018771898,28.7,136.9,2026-09-06T16:46:43.167166+00:00
290,16.49933161371664,85.20069249686838,28.7,136.9,2026-09-06T16:46:43.367166+00:00
291,16.499329251675338,85.20069480764411,28.7,136.8,2026-09-06T16:46:43.567166+00:00
292,16.499326891274027,85.20069712024193,28.7,136.8,2026-09-06T16:46:43.767166+00:00
293,16.499324532687254,85.2006994348526,28.6,136.7,2026-09-06T16:46:43.967166+00:00
294,16.499322176085474,85.20070175166143,28.6,136.7,2026-09-06T16:46:44.167166+00:00
295,16.49931982163465,85.2007040708478,28.6,136.6,2026-09-06T16:46:44.367166+00:00
296,16.49931746949586,85.20070639258462,28.5,136.6,2026-09-06T16:46:44.567166+00:00
297,16.499315119824917,85.2007087170379,28.5,136.5,2026-09-06T16:46:44.767166+00:00
298,16.499312772771997,85.20071104436636,28.5,136.4,2026-09-06T16:46:44.967166+00:00
299,16.499310428481245,85.20071337472102,28.5,136.4,2026-09-06T16:46:45.167166+00:00
300,16.499308087090444,85.20071570824477,28.4,136.3,2026-09-06T16:46:45.367166+00:00
301,16.499305748730656,85.20071804507207,28.4,136.2,2026-09-06T16:46:45.567166+00:00
302,16.49930341352588,85.20072038532857,28.4,136.1,2026-09-06T16:46:45.767166+00:00
303,16.499301081592723,85.20072272913085,28.3,136.1,2026-09-06T16:46:45.967166+00:00
304,16.499298753040115,85.20072507658611,28.3,136.0,2026-09-06T16:46:46.167166+00:00
305,16.499296427968986,85.20072742779197,28.3,135.9,2026-09-06T16:46:46.367166+00:00
306,16.49929410647199,85.20072978283622,28.2,135.8,2026-09-06T16:46:46.567166+00:00
307,16.499291788633247,85.2007321417966,28.2,135.7,2026-09-06T16:46:46.767166+00:00
308,16.499289474528084,85.20073450474074,28.2,135.6,2026-09-06T16:46:46.967166+00:00
309,16.499287164222817,85.20073687172592,28.2,135.5,2026-09-06T16:46:47.167166+00:00
310,16.499284857774537,85.20073924279903,28.1,135.4,2026-09-06T16:46:47.367166+00:00
311,16.499282555230916,85.2007416179965,28.1,135.3,2026-09-06T16:46:47.567166+00:00
312,16.499280256630048,85.20074399734425,28.1,135.2,2026-09-06T16:46:47.767166+00:00
313,16.499277962000292,85.20074638085764,28.0,135.1,2026-09-06T16:46:47.967166+00:00
314,16.499275671360163,85.20074876854153,28.0,135.0,2026-09-06T16:46:48.167166+00:00
315,16.499273384718222,85.20075116039034,28.0,134.9,2026-09-06T16:46:48.367166+00:00
316,16.49927110207301,85.20075355638805,27.9,134.8,2026-09-06T16:46:48.567166+00:00
317,16.49926882341299,85.20075595650833,27.9,134.7,2026-09-06T16:46:48.767166+00:00
318,16.49926654871654,85.20075836071469,27.9,134.6,2026-09-06T16:46:48.967166+00:00
319,16.499264277951944,85.20076076896054,27.9,134.5,2026-09-06T16:46:49.167166+00:00
320,16.499262011077423,85.20076318118946,27.8,134.4,2026-09-06T16:46:49.367166+00:00
321,16.49925974804122,85.20076559733535,27.8,134.3,2026-09-06T16:46:49.567166+00:00
322,16.49925748878164,85.20076801732259,27.8,134.2,2026-09-06T16:46:49.767166+00:00
323,16.49925523322722,85.20077044106634,27.7,134.1,2026-09-06T16:46:49.967166+00:00
324,16.499252981296827,85.2007728684728,27.7,134.1,2026-09-06T16:46:50.167166+00:00
325,16.499250732899853,85.2007752994394,27.7,134.0,2026-09-06T16:46:50.367166+00:00
326,16.49924848793641,85.20077773385518,27.6,133.9,2026-09-06T16:46:50.567166+00:00
327,16.49924624629756,85.20078017160101,27.6,133.8,2026-09-06T16:46:50.767166+00:00
328,16.499244007865556,85.20078261255,27.6,133.7,2026-09-06T16:46:50.967166+00:00
329,16.499241772514136,85.20078505656777,27.6,133.6,2026-09-06T16:46:51.167166+00:00
330,16.49923954010883,85.20078750351283,27.5,133.6,2026-09-06T16:46:51.367166+00:00
331,16.499237310507297,85.20078995323688,27.5,133.5,2026-09-06T16:46:51.567166+00:00
332,16.49923508355966,85.20079240558528,27.5,133.4,2026-09-06T16:46:51.767166+00:00
333,16.499232859108915,85.20079486039735,27.4,133.4,2026-09-06T16:46:51.967166+00:00
334,16.49923063699132,85.20079731750683,27.4,133.3,2026-09-06T16:46:52.167166+00:00
335,16.49922841703683,85.20079977674216,27.4,133.3,2026-09-06T16:46:52.367166+00:00
336,16.49922619906953,85.20080223792704,27.3,133.2,2026-09-06T16:46:52.567166+00:00
337,16.499223982908113,85.20080470088074,27.3,133.2,2026-09-06T16:46:52.767166+00:00
338,16.499221768366365,85.20080716541855,27.3,133.1,2026-09-06T16:46:52.967166+00:00
339,16.499219555253635,85.20080963135221,27.3,133.1,2026-09-06T16:46:53.167166+00:00
340,16.499217343375406,85.20081209849035,27.2,133.1,2026-09-06T16:46:53.367166+00:00
341,16.49921513253376,85.20081456663888,27.2,133.1,2026-09-06T16:46:53.567166+00:00
342,16.499212922527953,85.20081703560149,27.2,133.0,2026-09-06T16:46:53.767166+00:00
343,16.499210713154948,85.20081950518004,27.1,133.0,2026-09-06T16:46:53.967166+00:00
344,16.49920850420998,85.200821975175,27.1,133.0,2026-09-06T16:46:54.167166+00:00
345,16.499206295487106,85.20082444538596,27.1,133.0,2026-09-06T16:46:54.367166+00:00
346,16.49920408677977,85.20082691561201,27.1,133.0,2026-09-06T16:46:54.567166+00:00
347,16.499201877881376,85.2008293856522,27.0,133.0,2026-09-06T16:46:54.767166+00:00
348,16.49919966858586,85.200831855306,27.0,133.0,2026-09-06T16:46:54.967166+00:00
349,16.49919745868824,85.20083432437374,27.0,133.0,2026-09-06T16:46:55.167166+00:00
350,16.499195247985178,85.20083679265706,26.9,133.0,2026-09-06T16:46:55.367166+00:00
351,16.499193036275553,85.2008392599593,26.9,133.1,2026-09-06T16:46:55.567166+00:00
352,16.499190823360994,85.20084172608603,26.9,133.1,2026-09-06T16:46:55.767166+00:00
353,16.499188609046424,85.20084419084544,26.9,133.1,2026-09-06T16:46:55.967166+00:00
354,16.49918639314059,85.20084665404879,26.8,133.2,2026-09-06T16:46:56.167166+00:00
355,16.499184175456577,85.20084911551078,26.8,133.2,2026-09-06T16:46:56.367166+00:00
356,16.499181955812304,85.20085157505008,26.8,133.3,2026-09-06T16:46:56.567166+00:00
357,16.499179734031014,85.20085403248969,26.8,133.3,2026-09-06T16:46:56.767166+00:00
358,16.499177509941756,85.2008564876573,26.7,133.4,2026-09-06T16:46:56.967166+00:00
359,16.49917528337981,85.20085894038586,26.7,133.4,2026-09-06T16:46:57.167166+00:00
360,16.499173054187132,85.2008613905138,26.7,133.5,2026-09-06T16:46:57.367166+00:00
361,16.49917082221275,85.20086383788552,26.6,133.6,2026-09-06T16:46:57.567166+00:00
362,16.49916858731317,85.2008662823518,26.6,133.6,2026-09-06T16:46:57.767166+00:00
363,16.499166349352706,85.20086872377009,26.6,133.7,2026-09-06T16:46:57.967166+00:00
364,16.499164108203843,85.20087116200489,26.6,133.8,2026-09-06T16:46:58.167166+00:00
365,16.499161863747542,85.20087359692816,26.5,133.9,2026-09-06T16:46:58.367166+00:00
366,16.49915961587352,85.20087602841961,26.5,134.0,2026-09-06T16:46:58.567166+00:00
367,16.499157364480514,85.20087845636702,26.5,134.0,2026-09-06T16:46:58.767166+00:00
368,16.499155109476504,85.20088088066655,26.5,134.1,2026-09-06T16:46:58.967166+00:00
369,16.499152850778927,85.20088330122304,26.4,134.2,2026-09-06T16:46:59.167166+00:00
370,16.499150588314848,85.2008857179503,26.4,134.3,2026-09-06T16:46:59.367166+00:00
371,16.499148322021103,85.20088813077132,26.4,134.4,2026-09-06T16:46:59.567166+00:00
372,16.499146051844424,85.20089053961854,26.4,134.5,2026-09-06T16:46:59.767166+00:00
373,16.499143777741534,85.20089294443407,26.3,134.6,2026-09-06T16:46:59.967166+00:00
374,16.499141499679205,85.20089534516984,26.3,134.7,2026-09-06T16:47:00.167166+00:00
375,16.499139217634283,85.20089774178783,26.3,134.8,2026-09-06T16:47:00.367166+00:00
376,16.49913693159373,85.20090013426017,26.3,134.9,2026-09-06T16:47:00.567166+00:00
377,16.49913464155456,85.2009025225693,26.2,135.0,2026-09-06T16:47:00.767166+00:00
378,16.49913234752384,85.20090490670802,26.2,135.1,2026-09-06T16:47:00.967166+00:00
379,16.49913004951859,85.20090728667964,26.2,135.2,2026-09-06T16:47:01.167166+00:00
380,16.4991277475657,85.20090966249796,26.2,135.3,2026-09-06T16:47:01.367166+00:00
381,16.499125441701807,85.2009120341873,26.1,135.4,2026-09-06T16:47:01.567166+00:00
382,16.49912313197315,85.2009144017825,26.1,135.5,2026-09-06T16:47:01.767166+00:00
383,16.49912081843542,85.20091676532887,26.1,135.6,2026-09-06T16:47:01.967166+00:00
384,16.49911850115355,85.20091912488218,26.1,135.7,2026-09-06T16:47:02.167166+00:00
385,16.499116180201533,85.20092148050847,26.0,135.8,2026-09-06T16:47:02.367166+00:00
386,16.499113855662184,85.20092383228399,26.0,135.9,2026-09-06T16:47:02.567166+00:00
387,16.499111527626887,85.20092618029503,26.0,136.0,2026-09-06T16:47:02.767166+00:00
388,16.49910919619535,85.2009285246377,26.0,136.0,2026-09-06T16:47:02.967166+00:00
389,16.4991068614753,85.20093086541785,26.0,136.1,2026-09-06T16:47:03.167166+00:00
390,16.49910452358223,85.20093320275059,25.9,136.2,2026-09-06T16:47:03.367166+00:00
391,16.499102182639035,85.2009355367603,25.9,136.3,2026-09-06T16:47:03.567166+00:00
392,16.499099838775752,85.20093786758008,25.9,136.4,2026-09-06T16:47:03.767166+00:00
393,16.49909749212916,85.20094019535159,25.9,136.4,2026-09-06T16:47:03.967166+00:00
394,16.499095142842474,85.20094252022466,25.9,136.5,2026-09-06T16:47:04.167166+00:00
395,16.49909279106499,85.20094484235683,25.8,136.6,2026-09-06T16:47:04.367166+00:00
396,16.499090436951693,85.20094716191312,25.8,136.6,2026-09-06T16:47:04.567166+00:00
397,16.49908808066289,85.20094947906539,25.8,136.7,2026-09-06T16:47:04.767166+00:00
398,16.49908572236384,85.20095179399208,25.8,136.7,2026-09-06T16:47:04.967166+00:00
399,16.49908336222435,85.20095410687763,25.7,136.8,2026-09-06T16:47:05.167166+00:00
400,16.499081000418368,85.20095641791201,25.7,136.8,2026-09-06T16:47:05.367166+00:00
401,16.4990786371236,85.20095872729028,25.7,136.9,2026-09-06T16:47:05.567166+00:00
402,16.49907627252108,85.20096103521199,25.7,136.9,2026-09-06T16:47:05.767166+00:00
403,16.49907390679478,85.20096334188062,25.7,136.9,2026-09-06T16:47:05.967166+00:00
404,16.49907154013117,85.20096564750314,25.7,137.0,2026-09-06T16:47:06.167166+00:00
405,16.49906917271882,85.20096795228936,25.6,137.0,2026-09-06T16:47:06.367166+00:00
406,16.49906680474795,85.20097025645137,25.6,137.0,2026-09-06T16:47:06.567166+00:00
407,16.499064436410038,85.20097256020297,25.6,137.0,2026-09-06T16:47:06.767166+00:00
408,16.499062067897373,85.20097486375911,25.6,137.0,2026-09-06T16:47:06.967166+00:00
409,16.49905969940262,85.20097716733525,25.6,137.0,2026-09-06T16:47:07.167166+00:00
410,16.499057331118415,85.20097947114682,25.5,137.0,2026-09-06T16:47:07.367166+00:00
411,16.499054963236926,85.2009817754086,25.5,137.0,2026-09-06T16:47:07.567166+00:00
412,16.499052595949426,85.2009840803341,25.5,137.0,2026-09-06T16:47:07.767166+00:00
413,16.499050229445857,85.20098638613504,25.5,136.9,2026-09-06T16:47:07.967166+00:00
414,16.499047863914438,85.20098869302075,25.5,136.9,2026-09-06T16:47:08.167166+00:00
415,16.499045499541207,85.20099100119758,25.5,136.9,2026-09-06T16:47:08.367166+00:00
416,16.49904313650961,85.20099331086834,25.4,136.9,2026-09-06T16:47:08.567166+00:00
417,16.499040775000104,85.20099562223179,25.4,136.8,2026-09-06T16:47:08.767166+00:00
418,16.49903841518972,85.20099793548205,25.4,136.8,2026-09-06T16:47:08.967166+00:00
419,16.499036057251683,85.20100025080811,25.4,136.7,2026-09-06T16:47:09.167166+00:00
420,16.499033701354964,85.20100256839335,25.4,136.7,2026-09-06T16:47:09.367166+00:00
421,16.49903134766394,85.201004888415,25.4,136.6,2026-09-06T16:47:09.567166+00:00
422,16.49902899633796,85.20100721104372,25.4,136.6,2026-09-06T16:47:09.767166+00:00
423,16.49902664753097,85.20100953644311,25.3,136.5,2026-09-06T16:47:09.967166+00:00
424,16.49902430139117,85.20101186476936,25.3,136.4,2026-09-06T16:47:10.167166+00:00
425,16.499021958060602,85.20101419617076,25.3,136.4,2026-09-06T16:47:10.367166+00:00
426,16.499019617674833,85.20101653078743,25.3,136.3,2026-09-06T16:47:10.567166+00:00
427,16.499017280362576,85.2010188687509,25.3,136.2,2026-09-06T16:47:10.767166+00:00
428,16.499014946245385,85.20102121018377,25.3,136.1,2026-09-06T16:47:10.967166+00:00
429,16.499012615437323,85.20102355519955,25.3,136.0,2026-09-06T16:47:11.167166+00:00
430,16.49901028804466,85.20102590390222,25.3,135.9,2026-09-06T16:47:11.367166+00:00
431,16.499007964165564,85.2010282563861,25.2,135.9,2026-09-06T16:47:11.567166+00:00
432,16.499005643889863,85.20103061273564,25.2,135.8,2026-09-06T16:47:11.767166+00:00
433,16.49900332729873,85.20103297302519,25.2,135.7,2026-09-06T16:47:11.967166+00:00
434,16.499001014464504,85.20103533731891,25.2,135.6,2026-09-06T16:47:12.167166+00:00
435,16.49899870545041,85.2010377056706,25.2,135.5,2026-09-06T16:47:12.367166+00:00
436,16.498996400310396,85.20104007812364,25.2,135.4,2026-09-06T16:47:12.567166+00:00
437,16.49899409908893,85.20104245471092,25.2,135.3,2026-09-06T16:47:12.767166+00:00
438,16.498991801820843,85.20104483545481,25.2,135.2,2026-09-06T16:47:12.967166+00:00
439,16.498989508531206,85.20104722036714,25.2,135.1,2026-09-06T16:47:13.167166+00:00
440,16.498987219235186,85.20104960944929,25.1,135.0,2026-09-06T16:47:13.367166+00:00
441,16.498984933937987,85.2010520026921,25.1,134.9,2026-09-06T16:47:13.567166+00:00
442,16.49898265263476,85.20105440007609,25.1,134.8,2026-09-06T16:47:13.767166+00:00
443,16.49898037531058,85.2010568015715,25.1,134.7,2026-09-06T16:47:13.967166+00:00
444,16.498978101940427,85.20105920713843,25.1,134.6,2026-09-06T16:47:14.167166+00:00
445,16.4989758324892,85.20106161672697,25.1,134.5,2026-09-06T16:47:14.367166+00:00
446,16.498973566911758,85.20106403027742,25.1,134.4,2026-09-06T16:47:14.567166+00:00
447,16.498971305152985,85.20106644772044,25.1,134.3,2026-09-06T16:47:14.767166+00:00
448,16.498969047147888,85.20106886897729,25.1,134.2,2026-09-06T16:47:14.967166+00:00
449,16.498966792821737,85.2010712939601,25.1,134.1,2026-09-06T16:47:15.167166+00:00
450,16.49896454209019,85.20107372257206,25.1,134.0,2026-09-06T16:47:15.367166+00:00
451,16.498962294859492,85.20107615470778,25.1,133.9,2026-09-06T16:47:15.567166+00:00
452,16.49896005102669,85.20107859025349,25.1,133.9,2026-09-06T16:47:15.767166+00:00
453,16.498957810479848,85.20108102908743,25.0,133.8,2026-09-06T16:47:15.967166+00:00
454,16.49895557309833,85.20108347108017,25.0,133.7,2026-09-06T16:47:16.167166+00:00
455,16.498953338753072,85.20108591609487,25.0,133.6,2026-09-06T16:47:16.367166+00:00
456,16.498951107306926,85.20108836398771,25.0,133.6,2026-09-06T16:47:16.567166+00:00
457,16.498948878614968,85.20109081460824,25.0,133.5,2026-09-06T16:47:16.767166+00:00
458,16.49894665252489,85.20109326779973,25.0,133.4,2026-09-06T16:47:16.967166+00:00
459,16.498944428877362,85.20109572339959,25.0,133.4,2026-09-06T16:47:17.167166+00:00
460,16.498942207506488,85.2010981812397,25.0,133.3,2026-09-06T16:47:17.367166+00:00
461,16.498939988240185,85.20110064114691,25.0,133.3,2026-09-06T16:47:17.567166+00:00
462,16.49893777090068,85.20110310294335,25.0,133.2,2026-09-06T16:47:17.767166+00:00
463,16.498935555304964,85.20110556644691,25.0,133.2,2026-09-06T16:47:17.967166+00:00
464,16.498933341265264,85.20110803147165,25.0,133.1,2026-09-06T16:47:18.167166+00:00
465,16.498931128589582,85.20111049782821,25.0,133.1,2026-09-06T16:47:18.367166+00:00
466,16.498928917082186,85.20111296532424,25.0,133.1,2026-09-06T16:47:18.567166+00:00
467,16.498926706544157,85.20111543376488,25.0,133.0,2026-09-06T16:47:18.767166+00:00
468,16.498924496773913,85.20111790295314,25.0,133.0,2026-09-06T16:47:18.967166+00:00
469,16.498922287567783,85.20112037269038,25.0,133.0,2026-09-06T16:47:19.167166+00:00
470,16.498920078720527,85.20112284277671,25.0,133.0,2026-09-06T16:47:19.367166+00:00
471,16.498917870025945,85.20112531301152,25.0,133.0,2026-09-06T16:47:19.567166+00:00
472,16.4989156612774,85.2011277831938,25.0,133.0,2026-09-06T16:47:19.767166+00:00
473,16.49891345226841,85.20113025312273,25.0,133.0,2026-09-06T16:47:19.967166+00:00
474,16.498911242793216,85.201132722598,25.0,133.0,2026-09-06T16:47:20.167166+00:00
475,16.498909032647322,85.20113519142033,25.0,133.0,2026-09-06T16:47:20.367166+00:00
476,16.498906821628076,85.20113765939188,25.0,133.1,2026-09-06T16:47:20.567166+00:00
477,16.498904609535224,85.20114012631672,25.0,133.1,2026-09-06T16:47:20.767166+00:00
478,16.498902396171438,85.20114259200123,25.0,133.1,2026-09-06T16:47:20.967166+00:00
479,16.498900181342876,85.20114505625459,25.0,133.1,2026-09-06T16:47:21.167166+00:00
480,16.498897964859676,85.20114751888914,25.0,133.2,2026-09-06T16:47:21.367166+00:00
481,16.498895746536505,85.20114997972094,25.0,133.2,2026-09-06T16:47:21.567166+00:00
482,16.49889352619301,85.20115243856999,25.0,133.3,2026-09-06T16:47:21.767166+00:00
483,16.498891303654347,85.20115489526087,25.0,133.3,2026-09-06T16:47:21.967166+00:00
484,16.498889078751596,85.20115734962297,25.0,133.4,2026-09-06T16:47:22.167166+00:00
485,16.498886851322247,85.20115980149104,25.0,133.5,2026-09-06T16:47:22.367166+00:00
486,16.498884621210582,85.2011622507055,25.0,133.5,2026-09-06T16:47:22.567166+00:00
487,16.498882388268107,85.20116469711283,25.0,133.6,2026-09-06T16:47:22.767166+00:00
488,16.49888015235391,85.20116714056601,25.0,133.7,2026-09-06T16:47:22.967166+00:00
489,16.498877913335022,85.20116958092484,25.0,133.7,2026-09-06T16:47:23.167166+00:00
490,16.498875671086743,85.20117201805628,25.1,133.8,2026-09-06T16:47:23.367166+00:00
491,16.498873425492953,85.20117445183487,25.1,133.9,2026-09-06T16:47:23.567166+00:00
492,16.49887117644636,85.20117688214297,25.1,134.0,2026-09-06T16:47:23.767166+00:00
493,16.4988689238488,85.20117930887118,25.1,134.1,2026-09-06T16:47:23.967166+00:00
494,16.498866667611406,85.20118173191854,25.1,134.2,2026-09-06T16:47:24.167166+00:00
495,16.498864407654832,85.20118415119286,25.1,134.3,2026-09-06T16:47:24.367166+00:00
496,16.498862143909417,85.20118656661101,25.1,134.3,2026-09-06T16:47:24.567166+00:00
497,16.498859876315315,85.20118897809915,25.1,134.4,2026-09-06T16:47:24.767166+00:00
498,16.498857604822607,85.20119138559294,25.1,134.5,2026-09-06T16:47:24.967166+00:00
499,16.498855329391386,85.20119378903776,25.1,134.6,2026-09-06T16:47:25.167166+00:00
500,16.498853049991816,85.2011961883889,25.1,134.7,2026-09-06T16:47:25.367166+00:00
501,16.498850766604143,85.20119858361177,25.1,134.8,2026-09-06T16:47:25.567166+00:00
502,16.498848479218708,85.20120097468192,25.1,134.9,2026-09-06T16:47:25.767166+00:00
503,16.498846187835927,85.2012033615853,25.2,135.0,2026-09-06T16:47:25.967166+00:00
504,16.49884389246621,85.20120574431823,25.2,135.1,2026-09-06T16:47:26.167166+00:00
505,16.498841593129903,85.20120812288751,25.2,135.2,2026-09-06T16:47:26.367166+00:00
506,16.498839289857198,85.20121049731051,25.2,135.3,2026-09-06T16:47:26.567166+00:00
507,16.498836982687973,85.20121286761508,25.2,135.4,2026-09-06T16:47:26.767166+00:00
508,16.498834671671666,85.20121523383959,25.2,135.5,2026-09-06T16:47:26.967166+00:00
509,16.498832356867105,85.20121759603288,25.2,135.6,2026-09-06T16:47:27.167166+00:00
510,16.498830038342287,85.20121995425417,25.2,135.7,2026-09-06T16:47:27.367166+00:00
511,16.4988277161742,85.20122230857295,25.2,135.8,2026-09-06T16:47:27.567166+00:00
512,16.49882539044857,85.20122465906888,25.2,135.9,2026-09-06T16:47:27.767166+00:00
513,16.498823061259603,85.20122700583158,25.3,136.0,2026-09-06T16:47:27.967166+00:00
514,16.498820728709745,85.20122934896044,25.3,136.1,2026-09-06T16:47:28.167166+00:00
515,16.498818392909367,85.20123168856443,25.3,136.2,2026-09-06T16:47:28.367166+00:00
516,16.49881605397648,85.20123402476187,25.3,136.2,2026-09-06T16:47:28.567166+00:00
517,16.498813712036426,85.20123635768006,25.3,136.3,2026-09-06T16:47:28.767166+00:00
518,16.49881136722154,85.20123868745505,25.3,136.4,2026-09-06T16:47:28.967166+00:00
519,16.498809019670805,85.20124101423127,25.3,136.5,2026-09-06T16:47:29.167166+00:00
520,16.498806669529525,85.20124333816118,25.3,136.5,2026-09-06T16:47:29.367166+00:00
521,16.498804316948952,85.20124565940488,25.4,136.6,2026-09-06T16:47:29.567166+00:00
522,16.498801962085903,85.20124797812973,25.4,136.6,2026-09-06T16:47:29.767166+00:00
523,16.49879960510239,85.2012502945099,25.4,136.7,2026-09-06T16:47:29.967166+00:00
524,16.49879724616525,85.20125260872585,25.4,136.8,2026-09-06T16:47:30.167166+00:00
525,16.498794885445722,85.20125492096398,25.4,136.8,2026-09-06T16:47:30.367166+00:00
526,16.498792523119057,85.201257231416,25.4,136.8,2026-09-06T16:47:30.567166+00:00
527,16.49879015936414,85.2012595402785,25.5,136.9,2026-09-06T16:47:30.767166+00:00
528,16.49878779436304,85.20126184775246,25.5,136.9,2026-09-06T16:47:30.967166+00:00
529,16.498785428300607,85.20126415404262,25.5,136.9,2026-09-06T16:47:31.167166+00:00
530,16.49878306136407,85.20126645935693,25.5,137.0,2026-09-06T16:47:31.367166+00:00
531,16.49878069374259,85.20126876390603,25.5,137.0,2026-09-06T16:47:31.567166+00:00
532,16.498778325626873,85.20127106790267,25.5,137.0,2026-09-06T16:47:31.767166+00:00
533,16.498775957208704,85.20127337156109,25.6,137.0,2026-09-06T16:47:31.967166+00:00
534,16.498773588680553,85.20127567509648,25.6,137.0,2026-09-06T16:47:32.167166+00:00
535,16.49877122023512,85.20127797872435,25.6,137.0,2026-09-06T16:47:32.367166+00:00
536,16.498768852064938,85.20128028265997,25.6,137.0,2026-09-06T16:47:32.567166+00:00
537,16.498766484361912,85.20128258711776,25.6,137.0,2026-09-06T16:47:32.767166+00:00
538,16.49876411731692,85.20128489231071,25.6,137.0,2026-09-06T16:47:32.967166+00:00
539,16.49876175111938,85.2012871984498,25.7,136.9,2026-09-06T16:47:33.167166+00:00
540,16.498759385956806,85.2012895057434,25.7,136.9,2026-09-06T16:47:33.367166+00:00
541,16.498757022014424,85.20129181439675,25.7,136.9,2026-09-06T16:47:33.567166+00:00
542,16.49875465947472,85.20129412461135,25.7,136.8,2026-09-06T16:47:33.767166+00:00
543,16.498752298517044,85.20129643658447,25.7,136.8,2026-09-06T16:47:33.967166+00:00
544,16.49874993931719,85.20129875050856,25.8,136.8,2026-09-06T16:47:34.167166+00:00
545,16.498747582046995,85.20130106657075,25.8,136.7,2026-09-06T16:47:34.367166+00:00
546,16.49874522687394,85.20130338495242,25.8,136.7,2026-09-06T16:47:34.567166+00:00
547,16.49874287396074,85.20130570582864,25.8,136.6,2026-09-06T16:47:34.767166+00:00
548,16.498740523464978,85.20130802936775,25.8,136.5,2026-09-06T16:47:34.967166+00:00
549,16.498738175538712,85.20131035573091,25.9,136.5,2026-09-06T16:47:35.167166+00:00
550,16.498735830328105,85.2013126850717,25.9,136.4,2026-09-06T16:47:35.367166+00:00
551,16.498733487973055,85.20131501753569,25.9,136.3,2026-09-06T16:47:35.567166+00:00
552,16.498731148606872,85.20131735326017,25.9,136.2,2026-09-06T16:47:35.767166+00:00
553,16.498728812355893,85.20131969237367,25.9,136.2,2026-09-06T16:47:35.967166+00:00
554,16.498726479339194,85.20132203499577,26.0,136.1,2026-09-06T16:47:36.167166+00:00
555,16.498724149668245,85.2013243812368,26.0,136.0,2026-09-06T16:47:36.367166+00:00
556,16.49872182344663,85.20132673119754,26.0,135.9,2026-09-06T16:47:36.567166+00:00
557,16.498719500769734,85.20132908496899,26.0,135.8,2026-09-06T16:47:36.767166+00:00
558,16.49871718172451,85.20133144263224,26.1,135.7,2026-09-06T16:47:36.967166+00:00
559,16.49871486638918,85.20133380425821,26.1,135.6,2026-09-06T16:47:37.167166+00:00
560,16.498712554833038,85.20133616990759,26.1,135.5,2026-09-06T16:47:37.367166+00:00
561,16.49871024711622,85.2013385396307,26.1,135.4,2026-09-06T16:47:37.567166+00:00
562,16.498707943289503,85.20134091346738,26.2,135.3,2026-09-06T16:47:37.767166+00:00
563,16.49870564339413,85.201343291447,26.2,135.2,2026-09-06T16:47:37.967166+00:00
564,16.49870334746166,85.20134567358838,26.2,135.1,2026-09-06T16:47:38.167166+00:00
565,16.498701055513852,85.20134805989983,26.2,135.0,2026-09-06T16:47:38.367166+00:00
566,16.498698767562527,85.20135045037914,26.2,134.9,2026-09-06T16:47:38.567166+00:00
567,16.498696483609514,85.20135284501372,26.3,134.8,2026-09-06T16:47:38.767166+00:00
568,16.498694203646583,85.20135524378061,26.3,134.7,2026-09-06T16:47:38.967166+00:00
569,16.49869192765541,85.20135764664663,26.3,134.7,2026-09-06T16:47:39.167166+00:00
570,16.49868965560759,85.20136005356848,26.3,134.6,2026-09-06T16:47:39.367166+00:00
571,16.498687387464624,85.20136246449295,26.4,134.5,2026-09-06T16:47:39.567166+00:00
572,16.498685123178014,85.20136487935706,26.4,134.4,2026-09-06T16:47:39.767166+00:00
573,16.498682862689318,85.2013672980883,26.4,134.3,2026-09-06T16:47:39.967166+00:00
574,16.49868060593025,85.20136972060483,26.4,134.2,2026-09-06T16:47:40.167166+00:00
575,16.49867835282282,85.20137214681574,26.5,134.1,2026-09-06T16:47:40.367166+00:00
576,16.498676103279518,85.20137457662129,26.5,134.0,2026-09-06T16:47:40.567166+00:00
577,16.498673857203457,85.20137700991324,26.5,133.9,2026-09-06T16:47:40.767166+00:00
578,16.498671614488632,85.20137944657513,26.6,133.8,2026-09-06T16:47:40.967166+00:00
579,16.498669375020157,85.20138188648255,26.6,133.7,2026-09-06T16:47:41.167166+00:00
580,16.498667138674527,85.20138432950354,26.6,133.7,2026-09-06T16:47:41.367166+00:00
581,16.498664905319927,85.20138677549889,26.6,133.6,2026-09-06T16:47:41.567166+00:00
582,16.498662674816547,85.2013892243225,26.7,133.5,2026-09-06T16:47:41.767166+00:00
583,16.49866044701694,85.20139167582177,26.7,133.5,2026-09-06T16:47:41.967166+00:00
584,16.498658221766387,85.20139412983796,26.7,133.4,2026-09-06T16:47:42.167166+00:00
585,16.498655998903317,85.20139658620656,26.7,133.3,2026-09-06T16:47:42.367166+00:00
586,16.49865377825969,85.20139904475774,26.8,133.3,2026-09-06T16:47:42.567166+00:00
587,16.49865155966147,85.20140150531668,26.8,133.2,2026-09-06T16:47:42.767166+00:00
588,16.49864934292906,85.20140396770407,26.8,133.2,2026-09-06T16:47:42.967166+00:00
589,16.498647127877792,85.20140643173646,26.9,133.2,2026-09-06T16:47:43.167166+00:00
590,16.498644914318422,85.2014088972267,26.9,133.1,2026-09-06T16:47:43.367166+00:00
591,16.49864270205764,85.20141136398439,26.9,133.1,2026-09-06T16:47:43.567166+00:00
592,16.498640490898584,85.20141383181628,26.9,133.1,2026-09-06T16:47:43.767166+00:00
593,16.498638280641373,85.20141630052674,27.0,133.0,2026-09-06T16:47:43.967166+00:00
594,16.498636071083652,85.20141876991819,27.0,133.0,2026-09-06T16:47:44.167166+00:00
595,16.498633862021173,85.20142123979151,27.0,133.0,2026-09-06T16:47:44.367166+00:00
596,16.498631653248303,85.20142370994652,27.0,133.0,2026-09-06T16:47:44.567166+00:00
597,16.498629444558638,85.20142618018242,27.1,133.0,2026-09-06T16:47:44.767166+00:00
598,16.498627235745527,85.20142865029824,27.1,133.0,2026-09-06T16:47:44.967166+00:00
599,16.498625026602667,85.20143112009323,27.1,133.0,2026-09-06T16:47:45.167166+00:00
600,16.498622816924662,85.20143358936743,27.2,133.0,2026-09-06T16:47:45.367166+00:00
601,16.498620606507572,85.20143605792197,27.2,133.0,2026-09-06T16:47:45.567166+00:00
602,16.498618395149496,85.20143852555961,27.2,133.1,2026-09-06T16:47:45.767166+00:00
603,16.498616182651098,85.20144099208513,27.2,133.1,2026-09-06T16:47:45.967166+00:00
604,16.498613968816162,85.20144345730584,27.3,133.1,2026-09-06T16:47:46.167166+00:00
605,16.49861175345213,85.2014459210319,27.3,133.2,2026-09-06T16:47:46.367166+00:00
606,16.498609536370605,85.20144838307688,27.3,133.2,2026-09-06T16:47:46.567166+00:00
607,16.498607317387872,85.20145084325809,27.4,133.2,2026-09-06T16:47:46.767166+00:00
608,16.498605096325385,85.20145330139705,27.4,133.3,2026-09-06T16:47:46.967166+00:00
609,16.49860287301024,85.2014557573199,27.4,133.4,2026-09-06T16:47:47.167166+00:00
610,16.49860064727562,85.20145821085781,27.5,133.4,2026-09-06T16:47:47.367166+00:00
611,16.49859841896125,85.20146066184735,27.5,133.5,2026-09-06T16:47:47.567166+00:00
612,16.4985961879138,85.20146311013097,27.5,133.5,2026-09-06T16:47:47.767166+00:00
613,16.498593953987296,85.20146555555728,27.5,133.6,2026-09-06T16:47:47.967166+00:00
614,16.498591717043443,85.20146799798151,27.6,133.7,2026-09-06T16:47:48.167166+00:00
615,16.49858947695203,85.20147043726584,27.6,133.8,2026-09-06T16:47:48.367166+00:00
616,16.498587233591202,85.20147287327973,27.6,133.8,2026-09-06T16:47:48.567166+00:00
617,16.49858498684778,85.20147530590033,27.7,133.9,2026-09-06T16:47:48.767166+00:00
618,16.498582736617518,85.20147773501272,27.7,134.0,2026-09-06T16:47:48.967166+00:00
619,16.498580482805355,85.2014801605103,27.7,134.1,2026-09-06T16:47:49.167166+00:00
620,16.4985782253256,85.20148258229504,27.8,134.2,2026-09-06T16:47:49.367166+00:00
621,16.49857596410215,85.20148500027778,27.8,134.3,2026-09-06T16:47:49.567166+00:00
622,16.498573699068633,85.20148741437849,27.8,134.4,2026-09-06T16:47:49.767166+00:00
623,16.498571430168525,85.20148982452648,27.8,134.5,2026-09-06T16:47:49.967166+00:00
624,16.498569157355277,85.20149223066065,27.9,134.6,2026-09-06T16:47:50.167166+00:00
625,16.498566880592357,85.2014946327297,27.9,134.7,2026-09-06T16:47:50.367166+00:00
626,16.49856459985331,85.20149703069234,27.9,134.8,2026-09-06T16:47:50.567166+00:00
627,16.49856231512179,85.20149942451732,28.0,134.9,2026-09-06T16:47:50.767166+00:00
628,16.49856002639153,85.20150181418371,28.0,135.0,2026-09-06T16:47:50.967166+00:00
629,16.498557733666306,85.20150419968094,28.0,135.1,2026-09-06T16:47:51.167166+00:00
630,16.498555436959883,85.20150658100884,28.1,135.2,2026-09-06T16:47:51.367166+00:00
631,16.49855313629594,85.20150895817777,28.1,135.3,2026-09-06T16:47:51.567166+00:00
632,16.498550831707927,85.20151133120861,28.1,135.4,2026-09-06T16:47:51.767166+00:00
633,16.498548523238966,85.20151370013275,28.1,135.5,2026-09-06T16:47:51.967166+00:00
634,16.49854621094167,85.20151606499209,28.2,135.6,2026-09-06T16:47:52.167166+00:00
635,16.498543894877965,85.20151842583898,28.2,135.7,2026-09-06T16:47:52.367166+00:00
636,16.498541575118907,85.20152078273611,28.2,135.7,2026-09-06T16:47:52.567166+00:00
637,16.498539251744447,85.2015231357564,28.3,135.8,2026-09-06T16:47:52.767166+00:00
638,16.498536924843187,85.20152548498288,28.3,135.9,2026-09-06T16:47:52.967166+00:00
639,16.49853459451214,85.20152783050847,28.3,136.0,2026-09-06T16:47:53.167166+00:00
640,16.498532260856447,85.20153017243584,28.3,136.1,2026-09-06T16:47:53.367166+00:00
641,16.498529923989086,85.20153251087712,28.4,136.2,2026-09-06T16:47:53.567166+00:00
642,16.49852758403057,85.20153484595363,28.4,136.3,2026-09-06T16:47:53.767166+00:00
643,16.498525241108617,85.2015371777957,28.4,136.3,2026-09-06T16:47:53.967166+00:00
644,16.498522895357848,85.20153950654222,28.5,136.4,2026-09-06T16:47:54.167166+00:00
645,16.498520546919412,85.20154183234038,28.5,136.5,2026-09-06T16:47:54.367166+00:00
646,16.498518195940655,85.20154415534526,28.5,136.5,2026-09-06T16:47:54.567166+00:00
647,16.49851584257473,85.20154647571943,28.6,136.6,2026-09-06T16:47:54.767166+00:00
648,16.49851348698025,85.20154879363257,28.6,136.7,2026-09-06T16:47:54.967166+00:00
649,16.4985111293209,85.20155110926103,28.6,136.7,2026-09-06T16:47:55.167166+00:00
650,16.49850876976503,85.20155342278733,28.6,136.8,2026-09-06T16:47:55.367166+00:00
651,16.498506408485284,85.2015557343997,28.7,136.8,2026-09-06T16:47:55.567166+00:00
652,16.498504045658184,85.20155804429157,28.7,136.9,2026-09-06T16:47:55.767166+00:00
653,16.498501681463715,85.20156035266108,28.7,136.9,2026-09-06T16:47:55.967166+00:00
654,16.498499316084935,85.20156265971049,28.8,136.9,2026-09-06T16:47:56.167166+00:00
655,16.498496949707544,85.20156496564569,28.8,136.9,2026-09-06T16:47:56.367166+00:00
656,16.498494582519466,85.20156727067561,28.8,137.0,2026-09-06T16:47:56.567166+00:00
657,16.498492214710435,85.20156957501166,28.8,137.0,2026-09-06T16:47:56.767166+00:00
658,16.49848984647156,85.20157187886716,28.9,137.0,2026-09-06T16:47:56.967166+00:00
659,16.498487477994903,85.20157418245674,28.9,137.0,2026-09-06T16:47:57.167166+00:00
660,16.498485109473062,85.20157648599574,28.9,137.0,2026-09-06T16:47:57.367166+00:00
661,16.49848274109873,85.2015787896997,29.0,137.0,2026-09-06T16:47:57.567166+00:00
662,16.498480373064275,85.20158109378362,29.0,137.0,2026-09-06T16:47:57.767166+00:00
663,16.49847800556131,85.20158339846152,29.0,137.0,2026-09-06T16:47:57.967166+00:00
664,16.49847563878026,85.2015857039458,29.0,137.0,2026-09-06T16:47:58.167166+00:00
665,16.498473272909948,85.2015880104466,29.1,136.9,2026-09-06T16:47:58.367166+00:00
666,16.498470908137172,85.20159031817131,29.1,136.9,2026-09-06T16:47:58.567166+00:00
667,16.498468544646283,85.20159262732398,29.1,136.9,2026-09-06T16:47:58.767166+00:00
668,16.49846618261876,85.20159493810473,29.2,136.8,2026-09-06T16:47:58.967166+00:00
669,16.498463822232804,85.20159725070928,29.2,136.8,2026-09-06T16:47:59.167166+00:00
670,16.498461463662913,85.20159956532835,29.2,136.7,2026-09-06T16:47:59.367166+00:00
671,16.498459107079512,85.2016018821472,29.2,136.7,2026-09-06T16:47:59.567166+00:00
672,16.49845675264852,85.20160420134513,29.3,136.6,2026-09-06T16:47:59.767166+00:00
673,16.498454400530974,85.20160652309498,29.3,136.6,2026-09-06T16:47:59.967166+00:00
674,16.49845205088263,85.20160884756274,29.3,136.5,2026-09-06T16:48:00.167166+00:00
675,16.498449703853616,85.20161117490704,29.4,136.4,2026-09-06T16:48:00.367166+00:00
676,16.498447359588017,85.20161350527884,29.4,136.4,2026-09-06T16:48:00.567166+00:00
677,16.49844501822357,85.20161583882094,29.4,136.3,2026-09-06T16:48:00.767166+00:00
678,16.498442679891266,85.20161817566773,29.4,136.2,2026-09-06T16:48:00.967166+00:00
679,16.49844034471504,85.20162051594478,29.5,136.1,2026-09-06T16:48:01.167166+00:00
680,16.49843801281144,85.20162285976859,29.5,136.1,2026-09-06T16:48:01.367166+00:00
681,16.498435684289323,85.20162520724628,29.5,136.0,2026-09-06T16:48:01.567166+00:00
682,16.498433359249542,85.20162755847538,29.5,135.9,2026-09-06T16:48:01.767166+00:00
683,16.49843103778468,85.20162991354357,29.6,135.8,2026-09-06T16:48:01.967166+00:00
684,16.49842871997878,85.20163227252853,29.6,135.7,2026-09-06T16:48:02.167166+00:00
685,16.498426405907086,85.20163463549778,29.6,135.6,2026-09-06T16:48:02.367166+00:00
686,16.49842409563584,85.2016370025085,29.6,135.5,2026-09-06T16:48:02.567166+00:00
687,16.498421789222043,85.20163937360753,29.7,135.4,2026-09-06T16:48:02.767166+00:00
688,16.49841948671329,85.20164174883118,29.7,135.3,2026-09-06T16:48:02.967166+00:00
689,16.49841718814758,85.20164412820525,29.7,135.2,2026-09-06T16:48:03.167166+00:00
690,16.498414893553193,85.20164651174504,29.7,135.1,2026-09-06T16:48:03.367166+00:00
691,16.49841260294855,85.20164889945532,29.8,135.0,2026-09-06T16:48:03.567166+00:00
692,16.49841031634213,85.2016512913304,29.8,134.9,2026-09-06T16:48:03.767166+00:00
693,16.49840803373238,85.20165368735417,29.8,134.8,2026-09-06T16:48:03.967166+00:00
694,16.498405755107676,85.2016560875002,29.8,134.7,2026-09-06T16:48:04.167166+00:00
695,16.4984034804463,85.20165849173192,29.9,134.6,2026-09-06T16:48:04.367166+00:00
696,16.49840120971645,85.20166090000266,29.9,134.5,2026-09-06T16:48:04.567166+00:00
697,16.498398942876268,85.20166331225593,29.9,134.4,2026-09-06T16:48:04.767166+00:00
698,16.49839667987389,85.20166572842551,29.9,134.3,2026-09-06T16:48:04.967166+00:00
699,16.49839442064755,85.20166814843572,29.9,134.2,2026-09-06T16:48:05.167166+00:00
700,16.498392165125686,85.20167057220162,30.0,134.1,2026-09-06T16:48:05.367166+00:00
701,16.498389913227086,85.20167299962932,30.0,134.1,2026-09-06T16:48:05.567166+00:00
702,16.49838766486106,85.20167543061622,30.0,134.0,2026-09-06T16:48:05.767166+00:00
703,16.49838541992764,85.20167786505125,30.0,133.9,2026-09-06T16:48:05.967166+00:00
704,16.498383178317802,85.20168030281522,30.1,133.8,2026-09-06T16:48:06.167166+00:00
705,16.49838093991372,85.20168274378119,30.1,133.7,2026-09-06T16:48:06.367166+00:00
706,16.49837870458907,85.20168518781468,30.1,133.6,2026-09-06T16:48:06.567166+00:00
707,16.498376472209305,85.20168763477416,30.1,133.6,2026-09-06T16:48:06.767166+00:00
708,16.49837424263201,85.20169008451128,30.1,133.5,2026-09-06T16:48:06.967166+00:00
709,16.49837201570725,85.20169253687135,30.2,133.4,2026-09-06T16:48:07.167166+00:00
710,16.498369791277955,85.20169499169361,30.2,133.4,2026-09-06T16:48:07.367166+00:00
711,16.49836756918033,85.20169744881176,30.2,133.3,2026-09-06T16:48:07.567166+00:00
712,16.49836534924427,85.20169990805422,30.2,133.3,2026-09-06T16:48:07.767166+00:00
713,16.498363131293818,85.20170236924463,30.2,133.2,2026-09-06T16:48:07.967166+00:00
714,16.498360915147614,85.20170483220224,30.3,133.2,2026-09-06T16:48:08.167166+00:00
715,16.4983587006194,85.20170729674228,30.3,133.1,2026-09-06T16:48:08.367166+00:00
716,16.498356487518503,85.2017097626765,30.3,133.1,2026-09-06T16:48:08.567166+00:00
717,16.498354275650353,85.20171222981347,30.3,133.1,2026-09-06T16:48:08.767166+00:00
718,16.49835206481702,85.20171469795909,30.3,133.1,2026-09-06T16:48:08.967166+00:00
719,16.49834985481773,85.20171716691702,30.4,133.0,2026-09-06T16:48:09.167166+00:00
720,16.49834764544943,85.20171963648913,30.4,133.0,2026-09-06T16:48:09.367166+00:00
721,16.498345436507343,85.20172210647588,30.4,133.0,2026-09-06T16:48:09.567166+00:00
722,16.498343227785515,85.20172457667684,30.4,133.0,2026-09-06T16:48:09.767166+00:00
723,16.498341019077394,85.20172704689111,30.4,133.0,2026-09-06T16:48:09.967166+00:00
724,16.49833881017638,85.20172951691774,30.5,133.0,2026-09-06T16:48:10.167166+00:00
725,16.498336600876417,85.2017319865562,30.5,133.0,2026-09-06T16:48:10.367166+00:00
726,16.49833439097253,85.20173445560683,30.5,133.0,2026-09-06T16:48:10.567166+00:00
727,16.49833218026141,85.20173692387127,30.5,133.0,2026-09-06T16:48:10.767166+00:00
728,16.498329968541956,85.20173939115291,30.5,133.1,2026-09-06T16:48:10.967166+00:00
729,16.498327755615815,85.20174185725735,30.5,133.1,2026-09-06T16:48:11.167166+00:00
730,16.498325541287947,85.20174432199279,30.6,133.1,2026-09-06T16:48:11.367166+00:00
731,16.49832332536713,85.2017467851705,30.6,133.2,2026-09-06T16:48:11.567166+00:00
732,16.4983211076665,85.20174924660522,30.6,133.2,2026-09-06T16:48:11.767166+00:00
733,16.49831888800401,85.20175170611567,30.6,133.3,2026-09-06T16:48:11.967166+00:00
734,16.498316666202967,85.20175416352488,30.6,133.3,2026-09-06T16:48:12.167166+00:00
735,16.498314442092465,85.20175661866061,30.6,133.4,2026-09-06T16:48:12.367166+00:00
736,16.498312215507838,85.20175907135582,30.6,133.4,2026-09-06T16:48:12.567166+00:00
737,16.49830998629111,85.20176152144903,30.7,133.5,2026-09-06T16:48:12.767166+00:00
738,16.498307754291368,85.20176396878469,30.7,133.6,2026-09-06T16:48:12.967166+00:00
739,16.498305519365186,85.2017664132136,30.7,133.6,2026-09-06T16:48:13.167166+00:00
740,16.49830328137695,85.2017688545933,30.7,133.7,2026-09-06T16:48:13.367166+00:00
741,16.498301040199223,85.20177129278837,30.7,133.8,2026-09-06T16:48:13.567166+00:00
742,16.49829879571304,85.20177372767081,30.7,133.9,2026-09-06T16:48:13.767166+00:00
743,16.4982965478082,85.20177615912043,30.7,134.0,2026-09-06T16:48:13.967166+00:00
744,16.49829429638351,85.20177858702506,30.7,134.0,2026-09-06T16:48:14.167166+00:00
745,16.498292041347046,85.20178101128094,30.8,134.1,2026-09-06T16:48:14.367166+00:00
746,16.498289782616325,85.201783431793,30.8,134.2,2026-09-06T16:48:14.567166+00:00
747,16.498287520118495,85.20178584847511,30.8,134.3,2026-09-06T16:48:14.767166+00:00
748,16.498285253790478,85.20178826125036,30.8,134.4,2026-09-06T16:48:14.967166+00:00
749,16.498282983579102,85.20179067005127,30.8,134.5,2026-09-06T16:48:15.167166+00:00
750,16.49828070944118,85.20179307482003,30.8,134.6,2026-09-06T16:48:15.367166+00:00
751,16.498278431343557,85.20179547550867,30.8,134.7,2026-09-06T16:48:15.567166+00:00
752,16.498276149263194,85.20179787207925,30.8,134.8,2026-09-06T16:48:15.767166+00:00
753,16.49827386318712,85.201800264504,30.8,134.9,2026-09-06T16:48:15.967166+00:00
754,16.498271573112454,85.20180265276544,30.9,135.0,2026-09-06T16:48:16.167166+00:00
755,16.498269279046347,85.20180503685647,30.9,135.1,2026-09-06T16:48:16.367166+00:00
756,16.498266981005905,85.20180741678051,30.9,135.2,2026-09-06T16:48:16.567166+00:00
757,16.498264679018103,85.20180979255143,30.9,135.3,2026-09-06T16:48:16.767166+00:00
758,16.498262373119665,85.20181216419365,30.9,135.4,2026-09-06T16:48:16.967166+00:00
759,16.498260063356916,85.20181453174212,30.9,135.5,2026-09-06T16:48:17.167166+00:00
760,16.498257749785633,85.20181689524223,30.9,135.6,2026-09-06T16:48:17.367166+00:00
761,16.49825543247083,85.20181925474984,30.9,135.7,2026-09-06T16:48:17.567166+00:00
762,16.49825311148658,85.20182161033105,30.9,135.8,2026-09-06T16:48:17.767166+00:00
763,16.49825078691576,85.20182396206225,30.9,135.9,2026-09-06T16:48:17.967166+00:00
764,16.49824845884985,85.20182631002979,30.9,136.0,2026-09-06T16:48:18.167166+00:00
765,16.49824612738862,85.20182865432989,30.9,136.0,2026-09-06T16:48:18.367166+00:00
766,16.498243792639872,85.20183099506843,30.9,136.1,2026-09-06T16:48:18.567166+00:00
767,16.49824145471916,85.2018333323607,30.9,136.2,2026-09-06T16:48:18.767166+00:00
768,16.49823911374945,85.20183566633106,31.0,136.3,2026-09-06T16:48:18.967166+00:00
769,16.498236769860828,85.20183799711273,31.0,136.4,2026-09-06T16:48:19.167166+00:00
770,16.498234423190144,85.20184032484745,31.0,136.4,2026-09-06T16:48:19.367166+00:00
771,16.498232073880672,85.20184264968509,31.0,136.5,2026-09-06T16:48:19.567166+00:00
772,16.498229722081753,85.20184497178332,31.0,136.6,2026-09-06T16:48:19.767166+00:00
773,16.49822736794842,85.20184729130712,31.0,136.6,2026-09-06T16:48:19.967166+00:00
774,16.49822501164103,85.2018496084285,31.0,136.7,2026-09-06T16:48:20.167166+00:00
775,16.49822265332488,85.20185192332592,31.0,136.7,2026-09-06T16:48:20.367166+00:00
776,16.498220293169815,85.20185423618386,31.0,136.8,2026-09-06T16:48:20.567166+00:00
777,16.498217931349824,85.20185654719238,31.0,136.8,2026-09-06T16:48:20.767166+00:00
778,16.498215568042635,85.20185885654652,31.0,136.9,2026-09-06T16:48:20.967166+00:00
779,16.498213203429323,85.2018611644459,31.0,136.9,2026-09-06T16:48:21.167166+00:00
780,16.498210837693872,85.20186347109404,31.0,136.9,2026-09-06T16:48:21.367166+00:00
781,16.49820847102278,85.20186577669791,31.0,137.0,2026-09-06T16:48:21.567166+00:00
782,16.49820610360463,85.20186808146737,31.0,137.0,2026-09-06T16:48:21.767166+00:00
783,16.498203735629662,85.20187038561448,31.0,137.0,2026-09-06T16:48:21.967166+00:00
784,16.498201367289354,85.20187268935314,31.0,137.0,2026-09-06T16:48:22.167166+00:00
785,16.498198998775997,85.20187499289823,31.0,137.0,2026-09-06T16:48:22.367166+00:00
786,16.498196630282262,85.20187729646524,31.0,137.0,2026-09-06T16:48:22.567166+00:00
787,16.498194262000794,85.20187960026959,31.0,137.0,2026-09-06T16:48:22.767166+00:00
788,16.498191894123735,85.20188190452602,31.0,137.0,2026-09-06T16:48:22.967166+00:00
789,16.498189526842364,85.20188420944808,31.0,137.0,2026-09-06T16:48:23.167166+00:00
790,16.498187160346607,85.20188651524747,31.0,136.9,2026-09-06T16:48:23.367166+00:00
791,16.498184794824656,85.20188882213344,31.0,136.9,2026-09-06T16:48:23.567166+00:00
792,16.49818243046254,85.20189113031233,31.0,136.9,2026-09-06T16:48:23.767166+00:00
793,16.498180067443673,85.20189343998696,31.0,136.9,2026-09-06T16:48:23.967166+00:00
794,16.498177705948486,85.201895751356,31.0,136.8,2026-09-06T16:48:24.167166+00:00
795,16.49817534615398,85.20189806461356,31.0,136.8,2026-09-06T16:48:24.367166+00:00
796,16.498172988233332,85.20190037994855,31.0,136.7,2026-09-06T16:48:24.567166+00:00
797,16.49817063235549,85.20190269754431,31.0,136.7,2026-09-06T16:48:24.767166+00:00
798,16.498168278684776,85.20190501757801,31.0,136.6,2026-09-06T16:48:24.967166+00:00
799,16.498165927380494,85.20190734022026,31.0,136.6,2026-09-06T16:48:25.167166+00:00
800,16.498163578596557,85.20190966563459,31.0,136.5,2026-09-06T16:48:25.367166+00:00
801,16.49816123248109,85.2019119939771,31.0,136.4,2026-09-06T16:48:25.567166+00:00
802,16.49815888917609,85.20191432539606,31.0,136.3,2026-09-06T16:48:25.767166+00:00
803,16.498156548817057,85.20191666003149,31.0,136.3,2026-09-06T16:48:25.967166+00:00
804,16.498154211532654,85.2019189980148,30.9,136.2,2026-09-06T16:48:26.167166+00:00
805,16.498151877444364,85.20192133946858,30.9,136.1,2026-09-06T16:48:26.367166+00:00
806,16.49814954666618,85.2019236845062,30.9,136.0,2026-09-06T16:48:26.567166+00:00
807,16.498147219304304,85.20192603323157,30.9,135.9,2026-09-06T16:48:26.767166+00:00
808,16.498144895456832,85.20192838573894,30.9,135.9,2026-09-06T16:48:26.967166+00:00
809,16.49814257521351,85.20193074211265,30.9,135.8,2026-09-06T16:48:27.167166+00:00
810,16.498140258655443,85.20193310242698,30.9,135.7,2026-09-06T16:48:27.367166+00:00
811,16.498137945854882,85.20193546674597,30.9,135.6,2026-09-06T16:48:27.567166+00:00
812,16.49813563687497,85.20193783512333,30.9,135.5,2026-09-06T16:48:27.767166+00:00
813,16.498133331769576,85.20194020760238,30.9,135.4,2026-09-06T16:48:27.967166+00:00
814,16.49813103058308,85.20194258421589,30.9,135.3,2026-09-06T16:48:28.167166+00:00
815,16.498128733350235,85.20194496498614,30.9,135.2,2026-09-06T16:48:28.367166+00:00
816,16.498126440096012,85.2019473499249,30.9,135.1,2026-09-06T16:48:28.567166+00:00
817,16.4981241508355,85.20194973903338,30.9,135.0,2026-09-06T16:48:28.767166+00:00
818,16.498121865573808,85.20195213230238,30.8,134.9,2026-09-06T16:48:28.967166+00:00
819,16.498119584305996,85.20195452971235,30.8,134.8,2026-09-06T16:48:29.167166+00:00
820,16.498117307017058,85.2019569312334,30.8,134.7,2026-09-06T16:48:29.367166+00:00
821,16.49811503368188,85.20195933682554,30.8,134.6,2026-09-06T16:48:29.567166+00:00
822,16.498112764265272,85.2019617464388,30.8,134.5,2026-09-06T16:48:29.767166+00:00
823,16.498110498722,85.20196416001338,30.8,134.4,2026-09-06T16:48:29.967166+00:00
824,16.498108236996863,85.20196657747984,30.8,134.3,2026-09-06T16:48:30.167166+00:00
825,16.498105979024785,85.20196899875938,30.8,134.2,2026-09-06T16:48:30.367166+00:00
826,16.49810372473094,85.20197142376404,30.8,134.1,2026-09-06T16:48:30.567166+00:00
827,16.498101474030907,85.20197385239695,30.7,134.0,2026-09-06T16:48:30.767166+00:00
828,16.49809922683086,85.2019762845526,30.7,133.9,2026-09-06T16:48:30.967166+00:00
829,16.498096983027743,85.20197872011721,30.7,133.9,2026-09-06T16:48:31.167166+00:00
830,16.49809474250956,85.20198115896892,30.7,133.8,2026-09-06T16:48:31.367166+00:00
831,16.49809250515559,85.20198360097821,30.7,133.7,2026-09-06T16:48:31.567166+00:00
832,16.498090270836702,85.2019860460082,30.7,133.6,2026-09-06T16:48:31.767166+00:00
833,16.498088039415666,85.20198849391502,30.7,133.6,2026-09-06T16:48:31.967166+00:00
834,16.498085810747497,85.20199094454816,30.7,133.5,2026-09-06T16:48:32.167166+00:00
835,16.498083584679822,85.20199339775083,30.6,133.4,2026-09-06T16:48:32.367166+00:00
836,16.49808136105326,85.20199585336036,30.6,133.4,2026-09-06T16:48:32.567166+00:00
837,16.49807913970184,85.20199831120863,30.6,133.3,2026-09-06T16:48:32.767166+00:00
838,16.498076920453443,85.20200077112243,30.6,133.3,2026-09-06T16:48:32.967166+00:00
839,16.49807470313024,85.20200323292386,30.6,133.2,2026-09-06T16:48:33.167166+00:00
840,16.49807248754917,85.20200569643077,30.6,133.2,2026-09-06T16:48:33.367166+00:00
841,16.498070273522433,85.20200816145717,30.5,133.1,2026-09-06T16:48:33.567166+00:00
842,16.498068060857996,85.20201062781369,30.5,133.1,2026-09-06T16:48:33.767166+00:00
843,16.49806584936009,85.20201309530798,30.5,133.1,2026-09-06T16:48:33.967166+00:00
844,16.49806363882977,85.20201556374512,30.5,133.0,2026-09-06T16:48:34.167166+00:00
845,16.498061429065437,85.20201803292811,30.5,133.0,2026-09-06T16:48:34.367166+00:00
846,16.498059219863396,85.2020205026583,30.5,133.0,2026-09-06T16:48:34.567166+00:00
847,16.498057011018407,85.20202297273582,30.4,133.0,2026-09-06T16:48:34.767166+00:00
848,16.49805480232425,85.20202544296001,30.4,133.0,2026-09-06T16:48:34.967166+00:00
849,16.4980525935743,85.20202791312991,30.4,133.0,2026-09-06T16:48:35.167166+00:00
850,16.498050384562077,85.20203038304467,30.4,133.0,2026-09-06T16:48:35.367166+00:00
851,16.49804817508182,85.202032852504,30.4,133.0,2026-09-06T16:48:35.567166+00:00
852,16.498045964929062,85.20203532130863,30.4,133.0,2026-09-06T16:48:35.767166+00:00
853,16.49804375390116,85.20203778926073,30.3,133.1,2026-09-06T16:48:35.967166+00:00
854,16.498041541797885,85.20204025616438,30.3,133.1,2026-09-06T16:48:36.167166+00:00
855,16.49803932842194,85.20204272182602,30.3,133.1,2026-09-06T16:48:36.367166+00:00
856,16.498037113579507,85.20204518605483,30.3,133.1,2026-09-06T16:48:36.567166+00:00
857,16.498034897080775,85.2020476486632,30.3,133.2,2026-09-06T16:48:36.767166+00:00
858,16.498032678740444,85.20205010946717,30.2,133.2,2026-09-06T16:48:36.967166+00:00
859,16.498030458378214,85.20205256828685,30.2,133.3,2026-09-06T16:48:37.167166+00:00
860,16.498028235819287,85.20205502494682,30.2,133.3,2026-09-06T16:48:37.367166+00:00
861,16.498026010894804,85.20205747927655,30.2,133.4,2026-09-06T16:48:37.567166+00:00
862,16.498023783442306,85.20205993111081,30.2,133.5,2026-09-06T16:48:37.767166+00:00
863,16.498021553306142,85.20206238029007,30.1,133.5,2026-09-06T16:48:37.967166+00:00
864,16.498019320337885,85.20206482666089,30.1,133.6,2026-09-06T16:48:38.167166+00:00
865,16.498017084396686,85.20206727007628,30.1,133.7,2026-09-06T16:48:38.367166+00:00
866,16.498014845349655,85.20206971039613,30.1,133.7,2026-09-06T16:48:38.567166+00:00
867,16.498012603072162,85.20207214748747,30.1,133.8,2026-09-06T16:48:38.767166+00:00
868,16.498010357448162,85.20207458122488,30.0,133.9,2026-09-06T16:48:38.967166+00:00
869,16.498008108370456,85.20207701149083,30.0,134.0,2026-09-06T16:48:39.167166+00:00
870,16.498005855740942,85.20207943817596,30.0,134.1,2026-09-06T16:48:39.367166+00:00
871,16.49800359947085,85.20208186117938,30.0,134.2,2026-09-06T16:48:39.567166+00:00
872,16.49800133948092,85.20208428040901,29.9,134.3,2026-09-06T16:48:39.767166+00:00
873,16.497999075701575,85.20208669578179,29.9,134.3,2026-09-06T16:48:39.967166+00:00
874,16.497996808073047,85.20208910722397,29.9,134.4,2026-09-06T16:48:40.167166+00:00
875,16.49799453654552,85.20209151467128,29.9,134.5,2026-09-06T16:48:40.367166+00:00
876,16.49799226107917,85.2020939180692,29.9,134.6,2026-09-06T16:48:40.567166+00:00
877,16.497989981644253,85.2020963173731,29.8,134.7,2026-09-06T16:48:40.767166+00:00
878,16.4979876982211,85.2020987125485,29.8,134.8,2026-09-06T16:48:40.967166+00:00
879,16.497985410800148,85.20210110357102,29.8,134.9,2026-09-06T16:48:41.167166+00:00
880,16.49798311938189,85.20210349042671,29.8,135.0,2026-09-06T16:48:41.367166+00:00
881,16.497980823976835,85.20210587311198,29.7,135.1,2026-09-06T16:48:41.567166+00:00
882,16.497978524605422,85.20210825163373,29.7,135.2,2026-09-06T16:48:41.767166+00:00
883,16.49797622129792,85.20211062600941,29.7,135.3,2026-09-06T16:48:41.967166+00:00
884,16.4979739140943,85.20211299626699,29.7,135.4,2026-09-06T16:48:42.167166+00:00
885,16.497971603044075,85.20211536244491,29.6,135.5,2026-09-06T16:48:42.367166+00:00
886,16.497969288206157,85.2021177245921,29.6,135.6,2026-09-06T16:48:42.567166+00:00
887,16.49796696964863,85.20212008276788,29.6,135.7,2026-09-06T16:48:42.767166+00:00
888,16.49796464744856,85.20212243704184,29.6,135.8,2026-09-06T16:48:42.967166+00:00
889,16.497962321691737,85.2021247874937,29.5,135.9,2026-09-06T16:48:43.167166+00:00
890,16.49795999247246,85.2021271342132,29.5,136.0,2026-09-06T16:48:43.367166+00:00
891,16.497957659893235,85.2021294772998,29.5,136.1,2026-09-06T16:48:43.567166+00:00
892,16.497955324064506,85.20213181686259,29.5,136.2,2026-09-06T16:48:43.767166+00:00
893,16.497952985104348,85.2021341530199,29.4,136.2,2026-09-06T16:48:43.967166+00:00
894,16.497950643138168,85.20213648589916,29.4,136.3,2026-09-06T16:48:44.167166+00:00
895,16.497948298298358,85.20213881563646,29.4,136.4,2026-09-06T16:48:44.367166+00:00
896,16.497945950723963,85.20214114237633,29.3,136.5,2026-09-06T16:48:44.567166+00:00
897,16.497943600560347,85.2021434662713,29.3,136.5,2026-09-06T16:48:44.767166+00:00
898,16.497941247958803,85.20214578748153,29.3,136.6,2026-09-06T16:48:44.967166+00:00
899,16.4979388930762,85.20214810617443,29.3,136.6,2026-09-06T16:48:45.167166+00:00
900,16.497936536074594,85.20215042252423,29.2,136.7,2026-09-06T16:48:45.367166+00:00
901,16.497934177120865,85.20215273671147,29.2,136.8,2026-09-06T16:48:45.567166+00:00
902,16.497931816386284,85.20215504892255,29.2,136.8,2026-09-06T16:48:45.767166+00:00
903,16.497929454046147,85.20215735934927,29.2,136.8,2026-09-06T16:48:45.967166+00:00
904,16.497927090279354,85.20215966818826,29.1,136.9,2026-09-06T16:48:46.167166+00:00
905,16.497924725268003,85.20216197564052,29.1,136.9,2026-09-06T16:48:46.367166+00:00
906,16.497922359196984,85.2021642819108,29.1,136.9,2026-09-06T16:48:46.567166+00:00
907,16.49791999225352,85.20216658720707,29.0,137.0,2026-09-06T16:48:46.767166+00:00
908,16.49791762462681,85.20216889174004,29.0,137.0,2026-09-06T16:48:46.967166+00:00
909,16.497915256507564,85.20217119572244,29.0,137.0,2026-09-06T16:48:47.167166+00:00
910,16.497912888087573,85.20217349936854,29.0,137.0,2026-09-06T16:48:47.367166+00:00
911,16.49791051955931,85.20217580289354,28.9,137.0,2026-09-06T16:48:47.567166+00:00
912,16.497908151115478,85.20217810651293,28.9,137.0,2026-09-06T16:48:47.767166+00:00
913,16.4979057829486,85.20218041044198,28.9,137.0,2026-09-06T16:48:47.967166+00:00
914,16.497903415250576,85.20218271489509,28.8,137.0,2026-09-06T16:48:48.167166+00:00
915,16.497901048212285,85.20218502008524,28.8,137.0,2026-09-06T16:48:48.367166+00:00
916,16.49789868202311,85.20218732622338,28.8,136.9,2026-09-06T16:48:48.567166+00:00
917,16.497896316870563,85.20218963351788,28.8,136.9,2026-09-06T16:48:48.767166+00:00
918,16.497893952939844,85.20219194217391,28.7,136.9,2026-09-06T16:48:48.967166+00:00
919,16.497891590413406,85.20219425239296,28.7,136.8,2026-09-06T16:48:49.167166+00:00
920,16.497889229470573,85.20219656437224,28.7,136.8,2026-09-06T16:48:49.367166+00:00
921,16.497886870287108,85.20219887830416,28.6,136.8,2026-09-06T16:48:49.567166+00:00
922,16.497884513034816,85.20220119437585,28.6,136.7,2026-09-06T16:48:49.767166+00:00
923,16.49788215788112,85.20220351276858,28.6,136.7,2026-09-06T16:48:49.967166+00:00
924,16.497879804988703,85.20220583365737,28.6,136.6,2026-09-06T16:48:50.167166+00:00
925,16.497877454515102,85.2022081572105,28.5,136.5,2026-09-06T16:48:50.367166+00:00
926,16.497875106612323,85.20221048358908,28.5,136.5,2026-09-06T16:48:50.567166+00:00
927,16.497872761426468,85.20221281294658,28.5,136.4,2026-09-06T16:48:50.767166+00:00
928,16.497870419097392,85.20221514542854,28.4,136.3,2026-09-06T16:48:50.967166+00:00
929,16.497868079758327,85.20221748117213,28.4,136.2,2026-09-06T16:48:51.167166+00:00
930,16.497865743535563,85.20221982030584,28.4,136.2,2026-09-06T16:48:51.367166+00:00
931,16.4978634105481,85.20222216294917,28.3,136.1,2026-09-06T16:48:51.567166+00:00
932,16.49786108090734,85.20222450921234,28.3,136.0,2026-09-06T16:48:51.767166+00:00
933,16.4978587547168,85.20222685919606,28.3,135.9,2026-09-06T16:48:51.967166+00:00
934,16.49785643207179,85.20222921299124,28.3,135.8,2026-09-06T16:48:52.167166+00:00
935,16.49785411305918,85.20223157067886,28.2,135.7,2026-09-06T16:48:52.367166+00:00
936,16.49785179775713,85.20223393232978,28.2,135.6,2026-09-06T16:48:52.567166+00:00
937,16.497849486234838,85.20223629800458,28.2,135.5,2026-09-06T16:48:52.767166+00:00
938,16.497847178552362,85.20223866775349,28.1,135.4,2026-09-06T16:48:52.967166+00:00
939,16.49784487476039,85.20224104161628,28.1,135.3,2026-09-06T16:48:53.167166+00:00
940,16.497842574900087,85.20224341962218,28.1,135.2,2026-09-06T16:48:53.367166+00:00
941,16.497840279002933,85.20224580178994,28.0,135.1,2026-09-06T16:48:53.567166+00:00
942,16.49783798709058,85.20224818812778,28.0,135.0,2026-09-06T16:48:53.767166+00:00
943,16.497835699174775,85.20225057863341,28.0,134.9,2026-09-06T16:48:53.967166+00:00
944,16.497833415257258,85.20225297329412,28.0,134.8,2026-09-06T16:48:54.167166+00:00
945,16.4978311353297,85.20225537208688,27.9,134.7,2026-09-06T16:48:54.367166+00:00
946,16.49782885937369,85.2022577749784,27.9,134.6,2026-09-06T16:48:54.567166+00:00
947,16.49782658736073,85.20226018192531,27.9,134.6,2026-09-06T16:48:54.767166+00:00
948,16.49782431925225,85.2022625928743,27.8,134.5,2026-09-06T16:48:54.967166+00:00
949,16.49782205499965,85.2022650077623,27.8,134.4,2026-09-06T16:48:55.167166+00:00
950,16.49781979454439,85.20226742651674,27.8,134.3,2026-09-06T16:48:55.367166+00:00
951,16.49781753781811,85.20226984905568,27.7,134.2,2026-09-06T16:48:55.567166+00:00
952,16.49781528474274,85.20227227528814,27.7,134.1,2026-09-06T16:48:55.767166+00:00
953,16.497813035230667,85.20227470511429,27.7,134.0,2026-09-06T16:48:55.967166+00:00
954,16.49781078918494,85.20227713842584,27.7,133.9,2026-09-06T16:48:56.167166+00:00
955,16.497808546499467,85.20227957510625,27.6,133.8,2026-09-06T16:48:56.367166+00:00
956,16.497806307059285,85.20228201503103,27.6,133.7,2026-09-06T16:48:56.567166+00:00
957,16.497804070740813,85.20228445806816,27.6,133.7,2026-09-06T16:48:56.767166+00:00
958,16.49780183741216,85.20228690407838,27.5,133.6,2026-09-06T16:48:56.967166+00:00
959,16.497799606933455,85.20228935291551,27.5,133.5,2026-09-06T16:48:57.167166+00:00
960,16.49779737915718,85.20229180442692,27.5,133.5,2026-09-06T16:48:57.367166+00:00
961,16.497795153928557,85.20229425845379,27.4,133.4,2026-09-06T16:48:57.567166+00:00
962,16.497792931085947,85.20229671483158,27.4,133.3,2026-09-06T16:48:57.767166+00:00
963,16.49779071046126,85.20229917339039,27.4,133.3,2026-09-06T16:48:57.967166+00:00
964,16.49778849188041,85.20230163395539,27.4,133.2,2026-09-06T16:48:58.167166+00:00
965,16.497786275163747,85.20230409634722,27.3,133.2,2026-09-06T16:48:58.367166+00:00
966,16.497784060126573,85.2023065603824,27.3,133.2,2026-09-06T16:48:58.567166+00:00
967,16.497781846579596,85.20230902587375,27.3,133.1,2026-09-06T16:48:58.767166+00:00
968,16.49777963432947,85.20231149263083,27.2,133.1,2026-09-06T16:48:58.967166+00:00
969,16.497777423179304,85.20231396046039,27.2,133.1,2026-09-06T16:48:59.167166+00:00
970,16.49777521292919,85.20231642916674,27.2,133.0,2026-09-06T16:48:59.367166+00:00
971,16.497773003376775,85.20231889855233,27.2,133.0,2026-09-06T16:48:59.567166+00:00
972,16.497770794317773,85.20232136841801,27.1,133.0,2026-09-06T16:48:59.767166+00:00
973,16.497768585546552,85.2023238385636,27.1,133.0,2026-09-06T16:48:59.967166+00:00
974,16.4977663768567,85.2023263087883,27.1,133.0,2026-09-06T16:49:00.167166+00:00
975,16.497764168041567,85.20232877889113,27.0,133.0,2026-09-06T16:49:00.367166+00:00
976,16.49776195889486,85.20233124867136,27.0,133.0,2026-09-06T16:49:00.567166+00:00
977,16.49775974921118,85.20233371792902,27.0,133.0,2026-09-06T16:49:00.767166+00:00
978,16.497757538786622,85.20233618646526,27.0,133.0,2026-09-06T16:49:00.967166+00:00
979,16.49775532741929,85.20233865408287,26.9,133.1,2026-09-06T16:49:01.167166+00:00
980,16.49775311490988,85.20234112058665,26.9,133.1,2026-09-06T16:49:01.367166+00:00
981,16.497750901062204,85.20234358578392,26.9,133.1,2026-09-06T16:49:01.567166+00:00
982,16.49774868568374,85.20234604948489,26.8,133.2,2026-09-06T16:49:01.767166+00:00
983,16.49774646858613,85.20234851150313,26.8,133.2,2026-09-06T16:49:01.967166+00:00
984,16.497744249585704,85.202350971656,26.8,133.2,2026-09-06T16:49:02.167166+00:00
985,16.497742028503964,85.20235342976507,26.8,133.3,2026-09-06T16:49:02.367166+00:00
986,16.49773980516805,85.20235588565652,26.7,133.4,2026-09-06T16:49:02.567166+00:00
987,16.49773757941121,85.20235833916156,26.7,133.4,2026-09-06T16:49:02.767166+00:00
988,16.49773535107323,85.20236079011683,26.7,133.5,2026-09-06T16:49:02.967166+00:00
989,16.497733120000845,85.2023632383648,26.7,133.5,2026-09-06T16:49:03.167166+00:00
990,16.497730886048135,85.20236568375417,26.6,133.6,2026-09-06T16:49:03.367166+00:00
991,16.497728649076887,85.2023681261402,26.6,133.7,2026-09-06T16:49:03.567166+00:00
992,16.497726408956957,85.20237056538515,26.6,133.8,2026-09-06T16:49:03.767166+00:00
993,16.497724165566574,85.20237300135858,26.5,133.8,2026-09-06T16:49:03.967166+00:00
994,16.497721918792628,85.20237543393765,26.5,133.9,2026-09-06T16:49:04.167166+00:00
995,16.49771966853096,85.20237786300756,26.5,134.0,2026-09-06T16:49:04.367166+00:00
996,16.49771741468658,85.20238028846177,26.5,134.1,2026-09-06T16:49:04.567166+00:00
997,16.497715157173896,85.20238271020233,26.4,134.2,2026-09-06T16:49:04.767166+00:00
998,16.497712895916887,85.20238512814015,26.4,134.3,2026-09-06T16:49:04.967166+00:00
999,16.497710630849262,85.20238754219527,26.4,134.4,2026-09-06T16:49:05.167166+00:00
1000,16.497708361914594,85.2023899522971,26.4,134.5,2026-09-06T16:49:05.367166+00:00
1001,16.49770608906641,85.20239235838464,26.3,134.6,2026-09-06T16:49:05.567166+00:00
1002,16.497703812268274,85.20239476040669,26.3,134.7,2026-09-06T16:49:05.767166+00:00
1003,16.497701531493828,85.20239715832199,26.3,134.8,2026-09-06T16:49:05.967166+00:00
1004,16.497699246726807,85.20239955209944,26.3,134.9,2026-09-06T16:49:06.167166+00:00
1005,16.497696957961033,85.20240194171816,26.2,135.0,2026-09-06T16:49:06.367166+00:00
1006,16.49769466520037,85.2024043271677,26.2,135.1,2026-09-06T16:49:06.567166+00:00
1007,16.497692368458683,85.20240670844797,26.2,135.2,2026-09-06T16:49:06.767166+00:00
1008,16.497690067759724,85.20240908556943,26.2,135.3,2026-09-06T16:49:06.967166+00:00
1009,16.497687763137037,85.20241145855304,26.1,135.4,2026-09-06T16:49:07.167166+00:00
1010,16.497685454633828,85.2024138274303,26.1,135.5,2026-09-06T16:49:07.367166+00:00
1011,16.497683142302794,85.20241619224322,26.1,135.6,2026-09-06T16:49:07.567166+00:00
1012,16.49768082620594,85.20241855304421,26.1,135.7,2026-09-06T16:49:07.767166+00:00
1013,16.49767850641441,85.20242090989605,26.1,135.8,2026-09-06T16:49:07.967166+00:00
1014,16.497676183008224,85.20242326287178,26.0,135.8,2026-09-06T16:49:08.167166+00:00
1015,16.497673856076062,85.20242561205448,26.0,135.9,2026-09-06T16:49:08.367166+00:00
1016,16.497671525715017,85.20242795753718,26.0,136.0,2026-09-06T16:49:08.567166+00:00
1017,16.49766919203029,85.20243029942262,26.0,136.1,2026-09-06T16:49:08.767166+00:00
1018,16.49766685513493,85.20243263782302,25.9,136.2,2026-09-06T16:49:08.967166+00:00
1019,16.49766451514952,85.2024349728598,25.9,136.3,2026-09-06T16:49:09.167166+00:00
1020,16.497662172201842,85.20243730466336,25.9,136.3,2026-09-06T16:49:09.367166+00:00
1021,16.497659826426574,85.20243963337265,25.9,136.4,2026-09-06T16:49:09.567166+00:00
1022,16.49765747796492,85.20244195913493,25.9,136.5,2026-09-06T16:49:09.767166+00:00
1023,16.497655126964272,85.20244428210533,25.8,136.5,2026-09-06T16:49:09.967166+00:00
1024,16.49765277357785,85.20244660244651,25.8,136.6,2026-09-06T16:49:10.167166+00:00
1025,16.497650417964305,85.20244892032825,25.8,136.7,2026-09-06T16:49:10.367166+00:00
1026,16.497648060287364,85.2024512359269,25.8,136.7,2026-09-06T16:49:10.567166+00:00
1027,16.497645700715417,85.20245354942506,25.8,136.8,2026-09-06T16:49:10.767166+00:00
1028,16.49764333942115,85.20245586101098,25.7,136.8,2026-09-06T16:49:10.967166+00:00
1029,16.497640976581103,85.20245817087815,25.7,136.9,2026-09-06T16:49:11.167166+00:00
1030,16.497638612375304,85.20246047922473,25.7,136.9,2026-09-06T16:49:11.367166+00:00
1031,16.497636246986836,85.20246278625304,25.7,136.9,2026-09-06T16:49:11.567166+00:00
1032,16.497633880601416,85.20246509216898,25.7,136.9,2026-09-06T16:49:11.767166+00:00
1033,16.497631513406986,85.20246739718151,25.6,137.0,2026-09-06T16:49:11.967166+00:00
1034,16.497629145593294,85.20246970150207,25.6,137.0,2026-09-06T16:49:12.167166+00:00
1035,16.497626777351456,85.20247200534398,25.6,137.0,2026-09-06T16:49:12.367166+00:00
1036,16.497624408873552,85.20247430892188,25.6,137.0,2026-09-06T16:49:12.567166+00:00
1037,16.497622040352173,85.20247661245114,25.6,137.0,2026-09-06T16:49:12.767166+00:00
1038,16.49761967198001,85.20247891614723,25.6,137.0,2026-09-06T16:49:12.967166+00:00
1039,16.497617303949433,85.20248122022521,25.5,137.0,2026-09-06T16:49:13.167166+00:00
1040,16.49761493645204,85.20248352489908,25.5,137.0,2026-09-06T16:49:13.367166+00:00
1041,16.497612569678246,85.20248583038118,25.5,137.0,2026-09-06T16:49:13.567166+00:00
1042,16.497610203816862,85.20248813688166,25.5,136.9,2026-09-06T16:49:13.767166+00:00
1043,16.497607839054666,85.20249044460786,25.5,136.9,2026-09-06T16:49:13.967166+00:00
1044,16.497605475575984,85.2024927537638,25.5,136.9,2026-09-06T16:49:14.167166+00:00
1045,16.49760311356226,85.2024950645496,25.4,136.8,2026-09-06T16:49:14.367166+00:00
1046,16.497600753191666,85.20249737716088,25.4,136.8,2026-09-06T16:49:14.567166+00:00
1047,16.497598394638676,85.20249969178835,25.4,136.7,2026-09-06T16:49:14.767166+00:00
1048,16.49759603807367,85.2025020086172,25.4,136.7,2026-09-06T16:49:14.967166+00:00
1049,16.497593683662522,85.20250432782669,25.4,136.6,2026-09-06T16:49:15.167166+00:00
1050,16.497591331566227,85.2025066495896,25.4,136.6,2026-09-06T16:49:15.367166+00:00
1051,16.497588981940496,85.20250897407185,25.3,136.5,2026-09-06T16:49:15.567166+00:00
1052,16.4975866349354,85.20251130143201,25.3,136.4,2026-09-06T16:49:15.767166+00:00
1053,16.49758429069497,85.20251363182095,25.3,136.4,2026-09-06T16:49:15.967166+00:00
1054,16.497581949356892,85.20251596538141,25.3,136.3,2026-09-06T16:49:16.167166+00:00
1055,16.497579611052082,85.2025183022477,25.3,136.2,2026-09-06T16:49:16.367166+00:00
1056,16.497577275904423,85.20252064254531,25.3,136.1,2026-09-06T16:49:16.567166+00:00
1057,16.49757494403039,85.20252298639066,25.3,136.1,2026-09-06T16:49:16.767166+00:00
1058,16.497572615538772,85.20252533389079,25.3,136.0,2026-09-06T16:49:16.967166+00:00
1059,16.497570290530344,85.20252768514311,25.2,135.9,2026-09-06T16:49:17.167166+00:00
1060,16.497567969097627,85.20253004023526,25.2,135.8,2026-09-06T16:49:17.367166+00:00
1061,16.497565651324575,85.2025323992448,25.2,135.7,2026-09-06T16:49:17.567166+00:00
1062,16.497563337286362,85.20253476223917,25.2,135.6,2026-09-06T16:49:17.767166+00:00
1063,16.49756102704914,85.20253712927547,25.2,135.5,2026-09-06T16:49:17.967166+00:00
1064,16.497558720669833,85.2025395004004,25.2,135.4,2026-09-06T16:49:18.167166+00:00
1065,16.497556418195945,85.2025418756502,25.2,135.3,2026-09-06T16:49:18.367166+00:00
1066,16.4975541196654,85.2025442550506,25.2,135.2,2026-09-06T16:49:18.567166+00:00
1067,16.49755182510638,85.2025466386168,25.2,135.1,2026-09-06T16:49:18.767166+00:00
1068,16.497549534537228,85.20254902635347,25.1,135.0,2026-09-06T16:49:18.967166+00:00
1069,16.497547247966324,85.20255141825481,25.1,134.9,2026-09-06T16:49:19.167166+00:00
1070,16.49754496539203,85.20255381430462,25.1,134.8,2026-09-06T16:49:19.367166+00:00
1071,16.497542686802635,85.20255621447643,25.1,134.7,2026-09-06T16:49:19.567166+00:00
1072,16.49754041217633,85.2025586187335,25.1,134.6,2026-09-06T16:49:19.767166+00:00
1073,16.497538141481225,85.20256102702915,25.1,134.5,2026-09-06T16:49:19.967166+00:00
1074,16.49753587467537,85.20256343930674,25.1,134.4,2026-09-06T16:49:20.167166+00:00
1075,16.497533611706814,85.2025658555,25.1,134.3,2026-09-06T16:49:20.367166+00:00
1076,16.497531352513704,85.20256827553314,25.1,134.2,2026-09-06T16:49:20.567166+00:00
1077,16.497529097024398,85.20257069932119,25.1,134.1,2026-09-06T16:49:20.767166+00:00
1078,16.497526845157587,85.20257312677015,25.1,134.1,2026-09-06T16:49:20.967166+00:00
1079,16.4975245968225,85.20257555777731,25.1,134.0,2026-09-06T16:49:21.167166+00:00
1080,16.49752235191909,85.20257799223157,25.1,133.9,2026-09-06T16:49:21.367166+00:00
1081,16.497520110338254,85.20258043001368,25.1,133.8,2026-09-06T16:49:21.567166+00:00
1082,16.497517871962096,85.20258287099661,25.0,133.7,2026-09-06T16:49:21.767166+00:00
1083,16.497515636664204,85.20258531504582,25.0,133.6,2026-09-06T16:49:21.967166+00:00
1084,16.49751340430997,85.20258776201972,25.0,133.6,2026-09-06T16:49:22.167166+00:00
1085,16.4975111747569,85.2025902117699,25.0,133.5,2026-09-06T16:49:22.367166+00:00
1086,16.49750894785501,85.20259266414159,25.0,133.4,2026-09-06T16:49:22.567166+00:00
1087,16.497506723447156,85.20259511897405,25.0,133.4,2026-09-06T16:49:22.767166+00:00
1088,16.49750450136949,85.20259757610084,25.0,133.3,2026-09-06T16:49:22.967166+00:00
1089,16.49750228145185,85.20260003535041,25.0,133.3,2026-09-06T16:49:23.167166+00:00
1090,16.497500063518224,85.20260249654635,25.0,133.2,2026-09-06T16:49:23.367166+00:00
1091,16.49749784738722,85.20260495950784,25.0,133.2,2026-09-06T16:49:23.567166+00:00
1092,16.497495632872525,85.20260742405011,25.0,133.1,2026-09-06T16:49:23.767166+00:00
1093,16.49749341978344,85.20260988998486,25.0,133.1,2026-09-06T16:49:23.967166+00:00
1094,16.497491207925357,85.20261235712063,25.0,133.1,2026-09-06T16:49:24.167166+00:00
1095,16.497488997100316,85.20261482526332,25.0,133.1,2026-09-06T16:49:24.367166+00:00
1096,16.497486787107526,85.20261729421658,25.0,133.0,2026-09-06T16:49:24.567166+00:00
1097,16.497484577743922,85.20261976378224,25.0,133.0,2026-09-06T16:49:24.767166+00:00
1098,16.497482368804697,85.20262223376075,25.0,133.0,2026-09-06T16:49:24.967166+00:00
1099,16.4974801600839,85.2026247039517,25.0,133.0,2026-09-06T16:49:25.167166+00:00
1100,16.49747795137497,85.20262717415416,25.0,133.0,2026-09-06T16:49:25.367166+00:00
1101,16.497475742471323,85.2026296441672,25.0,133.0,2026-09-06T16:49:25.567166+00:00
1102,16.497473533166893,85.20263211379029,25.0,133.0,2026-09-06T16:49:25.767166+00:00
1103,16.49747132325673,85.20263458282379,25.0,133.0,2026-09-06T16:49:25.967166+00:00
1104,16.497469112537534,85.20263705106935,25.0,133.0,2026-09-06T16:49:26.167166+00:00
1105,16.497466900808227,85.20263951833039,25.0,133.1,2026-09-06T16:49:26.367166+00:00
1106,16.49746468787049,85.2026419844125,25.0,133.1,2026-09-06T16:49:26.567166+00:00
1107,16.497462473529307,85.20264444912391,25.0,133.1,2026-09-06T16:49:26.767166+00:00
1108,16.497460257593506,85.20264691227595,25.0,133.2,2026-09-06T16:49:26.967166+00:00
1109,16.497458039876243,85.2026493736834,25.0,133.2,2026-09-06T16:49:27.167166+00:00
1110,16.49745582019553,85.20265183316499,25.0,133.3,2026-09-06T16:49:27.367166+00:00
1111,16.49745359837472,85.20265429054379,25.0,133.3,2026-09-06T16:49:27.567166+00:00
1112,16.497451374242956,85.20265674564762,25.0,133.4,2026-09-06T16:49:27.767166+00:00
1113,16.49744914763564,85.20265919830949,25.0,133.4,2026-09-06T16:49:27.967166+00:00
1114,16.497446918394843,85.20266164836795,25.0,133.5,2026-09-06T16:49:28.167166+00:00
1115,16.497444686369732,85.20266409566752,25.0,133.6,2026-09-06T16:49:28.367166+00:00
1116,16.497442451416937,85.20266654005906,25.0,133.6,2026-09-06T16:49:28.567166+00:00
1117,16.497440213400925,85.20266898140017,25.0,133.7,2026-09-06T16:49:28.767166+00:00
1118,16.497437972194327,85.20267141955549,25.1,133.8,2026-09-06T16:49:28.967166+00:00
1119,16.49743572767825,85.2026738543971,25.1,133.9,2026-09-06T16:49:29.167166+00:00
1120,16.497433479742583,85.20267628580486,25.1,134.0,2026-09-06T16:49:29.367166+00:00
1121,16.497431228286207,85.20267871366669,25.1,134.0,2026-09-06T16:49:29.567166+00:00
1122,16.49742897321728,85.2026811378789,25.1,134.1,2026-09-06T16:49:29.767166+00:00
1123,16.497426714453407,85.20268355834651,25.1,134.2,2026-09-06T16:49:29.967166+00:00
1124,16.49742445192182,85.20268597498347,25.1,134.3,2026-09-06T16:49:30.167166+00:00
1125,16.497422185559536,85.20268838771294,25.1,134.4,2026-09-06T16:49:30.367166+00:00
1126,16.49741991531346,85.20269079646754,25.1,134.5,2026-09-06T16:49:30.567166+00:00
1127,16.4974176411405,85.20269320118953,25.1,134.6,2026-09-06T16:49:30.767166+00:00
1128,16.497415363007594,85.20269560183104,25.1,134.7,2026-09-06T16:49:30.967166+00:00
1129,16.497413080891782,85.20269799835421,25.1,134.8,2026-09-06T16:49:31.167166+00:00
1130,16.497410794780194,85.20270039073137,25.1,134.9,2026-09-06T16:49:31.367166+00:00
1131,16.497408504670034,85.20270277894512,25.1,135.0,2026-09-06T16:49:31.567166+00:00
1132,16.497406210568535,85.2027051629885,25.2,135.1,2026-09-06T16:49:31.767166+00:00
1133,16.4974039124929,85.20270754286494,25.2,135.2,2026-09-06T16:49:31.967166+00:00
1134,16.497401610470188,85.20270991858847,25.2,135.3,2026-09-06T16:49:32.167166+00:00
1135,16.49739930453721,85.20271229018358,25.2,135.4,2026-09-06T16:49:32.367166+00:00
1136,16.497396994740377,85.2027146576853,25.2,135.5,2026-09-06T16:49:32.567166+00:00
1137,16.497394681135543,85.20271702113916,25.2,135.6,2026-09-06T16:49:32.767166+00:00
1138,16.49739236378781,85.20271938060104,25.2,135.7,2026-09-06T16:49:32.967166+00:00
1139,16.497390042771325,85.20272173613722,25.2,135.8,2026-09-06T16:49:33.167166+00:00
1140,16.49738771816905,85.2027240878241,25.2,135.9,2026-09-06T16:49:33.367166+00:00
1141,16.497385390072534,85.20272643574815,25.3,136.0,2026-09-06T16:49:33.567166+00:00
1142,16.497383058581615,85.20272878000569,25.3,136.0,2026-09-06T16:49:33.767166+00:00
1143,16.497380723804177,85.20273112070267,25.3,136.1,2026-09-06T16:49:33.967166+00:00
1144,16.49737838585583,85.20273345795442,25.3,136.2,2026-09-06T16:49:34.167166+00:00
1145,16.497376044859614,85.20273579188546,25.3,136.3,2026-09-06T16:49:34.367166+00:00
1146,16.497373700945673,85.20273812262904,25.3,136.4,2026-09-06T16:49:34.567166+00:00
1147,16.497371354250916,85.20274045032697,25.3,136.4,2026-09-06T16:49:34.767166+00:00
1148,16.497369004918667,85.20274277512921,25.3,136.5,2026-09-06T16:49:34.967166+00:00
1149,16.497366653098325,85.20274509719346,25.4,136.6,2026-09-06T16:49:35.167166+00:00
1150,16.49736429894497,85.20274741668482,25.4,136.6,2026-09-06T16:49:35.367166+00:00
1151,16.497361942619005,85.2027497337753,25.4,136.7,2026-09-06T16:49:35.567166+00:00
1152,16.49735958428577,85.20275204864346,25.4,136.7,2026-09-06T16:49:35.767166+00:00
1153,16.49735722411515,85.20275436147381,25.4,136.8,2026-09-06T16:49:35.967166+00:00
1154,16.49735486228116,85.20275667245645,25.4,136.8,2026-09-06T16:49:36.167166+00:00
1155,16.49735249896157,85.20275898178647,25.4,136.9,2026-09-06T16:49:36.367166+00:00
1156,16.497350134337474,85.20276128966353,25.5,136.9,2026-09-06T16:49:36.567166+00:00
1157,16.49734776859289,85.20276359629118,25.5,136.9,2026-09-06T16:49:36.767166+00:00
1158,16.49734540191433,85.20276590187643,25.5,137.0,2026-09-06T16:49:36.967166+00:00
1159,16.497343034490395,85.20276820662913,25.5,137.0,2026-09-06T16:49:37.167166+00:00
1160,16.497340666511338,85.20277051076141,25.5,137.0,2026-09-06T16:49:37.367166+00:00
1161,16.497338298168646,85.20277281448712,25.5,137.0,2026-09-06T16:49:37.567166+00:00
1162,16.49733592965461,85.20277511802117,25.6,137.0,2026-09-06T16:49:37.767166+00:00
1163,16.49733356116192,85.20277742157907,25.6,137.0,2026-09-06T16:49:37.967166+00:00
1164,16.4973311928832,85.2027797253762,25.6,137.0,2026-09-06T16:49:38.167166+00:00
1165,16.497328825010594,85.20278202962734,25.6,137.0,2026-09-06T16:49:38.367166+00:00
1166,16.49732645773536,85.20278433454598,25.6,137.0,2026-09-06T16:49:38.567166+00:00
1167,16.49732409124743,85.2027866403438,25.7,136.9,2026-09-06T16:49:38.767166+00:00
1168,16.49732172573497,85.20278894723008,25.7,136.9,2026-09-06T16:49:38.967166+00:00
1169,16.497319361383976,85.20279125541107,25.7,136.9,2026-09-06T16:49:39.167166+00:00
1170,16.497316998377855,85.20279356508956,25.7,136.9,2026-09-06T16:49:39.367166+00:00
1171,16.497314636897002,85.20279587646422,25.7,136.8,2026-09-06T16:49:39.567166+00:00
1172,16.49731227711838,85.20279818972907,25.8,136.8,2026-09-06T16:49:39.767166+00:00
1173,16.497309919215137,85.20280050507301,25.8,136.7,2026-09-06T16:49:39.967166+00:00
1174,16.497307563356184,85.20280282267933,25.8,136.7,2026-09-06T16:49:40.167166+00:00
1175,16.497305209705793,85.20280514272511,25.8,136.6,2026-09-06T16:49:40.367166+00:00
1176,16.49730285842323,85.20280746538091,25.8,136.6,2026-09-06T16:49:40.567166+00:00
1177,16.497300509662345,85.2028097908102,25.9,136.5,2026-09-06T16:49:40.767166+00:00
1178,16.497298163571227,85.20281211916902,25.9,136.4,2026-09-06T16:49:40.967166+00:00
1179,16.497295820291807,85.20281445060554,25.9,136.3,2026-09-06T16:49:41.167166+00:00
1180,16.497293479959527,85.20281678525971,25.9,136.3,2026-09-06T16:49:41.367166+00:00
1181,16.497291142702984,85.20281912326288,25.9,136.2,2026-09-06T16:49:41.567166+00:00
1182,16.4972888086436,85.20282146473757,26.0,136.1,2026-09-06T16:49:41.767166+00:00
1183,16.497286477895305,85.20282380979702,26.0,136.0,2026-09-06T16:49:41.967166+00:00
1184,16.497284150564216,85.20282615854511,26.0,135.9,2026-09-06T16:49:42.167166+00:00
1185,16.497281826748377,85.20282851107596,26.0,135.9,2026-09-06T16:49:42.367166+00:00
1186,16.49727950653744,85.20283086747385,26.1,135.8,2026-09-06T16:49:42.567166+00:00
1187,16.497277190012444,85.20283322781295,26.1,135.7,2026-09-06T16:49:42.767166+00:00
1188,16.497274877245548,85.20283559215721,26.1,135.6,2026-09-06T16:49:42.967166+00:00
1189,16.49727256829983,85.20283796056027,26.1,135.5,2026-09-06T16:49:43.167166+00:00
1190,16.49727026322906,85.20284033306532,26.1,135.4,2026-09-06T16:49:43.367166+00:00
1191,16.49726796207754,85.20284270970507,26.2,135.3,2026-09-06T16:49:43.567166+00:00
1192,16.497265664879937,85.20284509050168,26.2,135.2,2026-09-06T16:49:43.767166+00:00
1193,16.497263371661134,85.20284747546684,26.2,135.1,2026-09-06T16:49:43.967166+00:00
1194,16.49726108243613,85.20284986460166,26.2,135.0,2026-09-06T16:49:44.167166+00:00
1195,16.497258797209945,85.20285225789688,26.3,134.9,2026-09-06T16:49:44.367166+00:00
1196,16.497256515977558,85.20285465533279,26.3,134.8,2026-09-06T16:49:44.567166+00:00
1197,16.497254238723862,85.20285705687947,26.3,134.7,2026-09-06T16:49:44.767166+00:00
1198,16.497251965423654,85.20285946249682,26.3,134.6,2026-09-06T16:49:44.967166+00:00
1199,16.497249696041663,85.20286187213479,26.4,134.5,2026-09-06T16:49:45.167166+00:00
1200,16.49724743053256,85.20286428573348,26.4,134.4,2026-09-06T16:49:45.367166+00:00
1201,16.49724516884106,85.20286670322339,26.4,134.3,2026-09-06T16:49:45.567166+00:00
1202,16.497242910902,85.20286912452562,26.4,134.2,2026-09-06T16:49:45.767166+00:00
1203,16.497240656640457,85.20287154955213,26.5,134.1,2026-09-06T16:49:45.967166+00:00
1204,16.497238405971938,85.20287397820596,26.5,134.0,2026-09-06T16:49:46.167166+00:00
1205,16.49723615880253,85.20287641038155,26.5,133.9,2026-09-06T16:49:46.367166+00:00
1206,16.4972339150291,85.20287884596503,26.5,133.9,2026-09-06T16:49:46.567166+00:00
1207,16.497231674539563,85.20288128483449,26.6,133.8,2026-09-06T16:49:46.767166+00:00
1208,16.49722943721313,85.20288372686034,26.6,133.7,2026-09-06T16:49:46.967166+00:00
1209,16.497227202920595,85.20288617190562,26.6,133.6,2026-09-06T16:49:47.167166+00:00
1210,16.497224971524656,85.2028886198264,26.7,133.6,2026-09-06T16:49:47.367166+00:00
1211,16.49722274288027,85.2028910704721,26.7,133.5,2026-09-06T16:49:47.567166+00:00
1212,16.497220516834982,85.20289352368593,26.7,133.4,2026-09-06T16:49:47.767166+00:00
1213,16.497218293229366,85.20289597930514,26.7,133.4,2026-09-06T16:49:47.967166+00:00
1214,16.49721607189739,85.20289843716156,26.8,133.3,2026-09-06T16:49:48.167166+00:00
1215,16.49721385266688,85.20290089708195,26.8,133.3,2026-09-06T16:49:48.367166+00:00
1216,16.49721163535996,85.20290335888834,26.8,133.2,2026-09-06T16:49:48.567166+00:00
1217,16.49720941979353,85.20290582239858,26.8,133.2,2026-09-06T16:49:48.767166+00:00
1218,16.497207205779752,85.20290828742665,26.9,133.1,2026-09-06T16:49:48.967166+00:00
1219,16.497204993126537,85.20291075378313,26.9,133.1,2026-09-06T16:49:49.167166+00:00
1220,16.497202781638105,85.20291322127562,26.9,133.1,2026-09-06T16:49:49.367166+00:00
1221,16.497200571115478,85.20291568970924,27.0,133.0,2026-09-06T16:49:49.567166+00:00
1222,16.497198361357036,85.20291815888696,27.0,133.0,2026-09-06T16:49:49.767166+00:00
1223,16.497196152159074,85.20292062861009,27.0,133.0,2026-09-06T16:49:49.967166+00:00
1224,16.497193943316333,85.20292309867878,27.0,133.0,2026-09-06T16:49:50.167166+00:00
1225,16.49719173462259,85.20292556889237,27.1,133.0,2026-09-06T16:49:50.367166+00:00
1226,16.497189525871217,85.20292803904988,27.1,133.0,2026-09-06T16:49:50.567166+00:00
1227,16.49718731685574,85.20293050895046,27.1,133.0,2026-09-06T16:49:50.767166+00:00
1228,16.49718510737041,85.20293297839383,27.2,133.0,2026-09-06T16:49:50.967166+00:00
1229,16.497182897210763,85.20293544718074,27.2,133.0,2026-09-06T16:49:51.167166+00:00
1230,16.497180686174193,85.20293791511338,27.2,133.1,2026-09-06T16:49:51.367166+00:00
1231,16.497178474060476,85.20294038199586,27.2,133.1,2026-09-06T16:49:51.567166+00:00
1232,16.497176260672358,85.20294284763462,27.3,133.1,2026-09-06T16:49:51.767166+00:00
1233,16.497174045816045,85.20294531183886,27.3,133.1,2026-09-06T16:49:51.967166+00:00
1234,16.497171829301767,85.20294777442102,27.3,133.2,2026-09-06T16:49:52.167166+00:00
1235,16.497169610944262,85.20295023519719,27.4,133.2,2026-09-06T16:49:52.367166+00:00
1236,16.497167390563288,85.2029526939875,27.4,133.3,2026-09-06T16:49:52.567166+00:00
1237,16.49716516798408,85.20295515061655,27.4,133.3,2026-09-06T16:49:52.767166+00:00
1238,16.49716294303785,85.20295760491389,27.4,133.4,2026-09-06T16:49:52.967166+00:00
1239,16.497160715562188,85.20296005671432,27.5,133.5,2026-09-06T16:49:53.167166+00:00
1240,16.497158485401513,85.20296250585838,27.5,133.5,2026-09-06T16:49:53.367166+00:00
1241,16.49715625240746,85.20296495219267,27.5,133.6,2026-09-06T16:49:53.567166+00:00
1242,16.49715401643925,85.20296739557028,27.6,133.7,2026-09-06T16:49:53.767166+00:00
1243,16.497151777364063,85.20296983585115,27.6,133.7,2026-09-06T16:49:53.967166+00:00
1244,16.497149535057346,85.20297227290236,27.6,133.8,2026-09-06T16:49:54.167166+00:00
1245,16.49714728940313,85.20297470659858,27.7,133.9,2026-09-06T16:49:54.367166+00:00
1246,16.497145040294296,85.20297713682235,27.7,134.0,2026-09-06T16:49:54.567166+00:00
1247,16.497142787632825,85.20297956346437,27.7,134.1,2026-09-06T16:49:54.767166+00:00
1248,16.49714053133003,85.20298198642385,27.7,134.2,2026-09-06T16:49:54.967166+00:00
1249,16.497138271306735,85.2029844056088,27.8,134.3,2026-09-06T16:49:55.167166+00:00
1250,16.49713600749345,85.20298682093622,27.8,134.3,2026-09-06T16:49:55.367166+00:00
1251,16.497133739830502,85.20298923233241,27.8,134.4,2026-09-06T16:49:55.567166+00:00
1252,16.497131468268154,85.20299163973324,27.9,134.5,2026-09-06T16:49:55.767166+00:00
1253,16.497129192766675,85.20299404308426,27.9,134.6,2026-09-06T16:49:55.967166+00:00
1254,16.497126913296402,85.20299644234096,27.9,134.7,2026-09-06T16:49:56.167166+00:00
1255,16.49712462983777,85.20299883746888,28.0,134.8,2026-09-06T16:49:56.367166+00:00
1256,16.4971223423813,85.20300122844377,28.0,134.9,2026-09-06T16:49:56.567166+00:00
1257,16.497120050927574,85.20300361525177,28.0,135.0,2026-09-06T16:49:56.767166+00:00
1258,16.49711775548719,85.20300599788938,28.0,135.1,2026-09-06T16:49:56.967166+00:00
1259,16.497115456080667,85.20300837636361,28.1,135.2,2026-09-06T16:49:57.167166+00:00
1260,16.49711315273837,85.203010750692,28.1,135.3,2026-09-06T16:49:57.367166+00:00
1261,16.49711084550035,85.20301312090258,28.1,135.4,2026-09-06T16:49:57.567166+00:00
1262,16.497108534416213,85.20301548703392,28.2,135.5,2026-09-06T16:49:57.767166+00:00
1263,16.49710621954495,85.20301784913504,28.2,135.6,2026-09-06T16:49:57.967166+00:00
1264,16.497103900954723,85.20302020726533,28.2,135.7,2026-09-06T16:49:58.167166+00:00
1265,16.49710157872267,85.20302256149446,28.3,135.8,2026-09-06T16:49:58.367166+00:00
1266,16.497099252934674,85.20302491190229,28.3,135.9,2026-09-06T16:49:58.567166+00:00
1267,16.497096923685092,85.2030272585786,28.3,136.0,2026-09-06T16:49:58.767166+00:00
1268,16.497094591076507,85.20302960162297,28.3,136.1,2026-09-06T16:49:58.967166+00:00
1269,16.497092255219435,85.20303194114453,28.4,136.2,2026-09-06T16:49:59.167166+00:00
1270,16.497089916232017,85.20303427726174,28.4,136.2,2026-09-06T16:49:59.367166+00:00
1271,16.49708757423972,85.20303661010206,28.4,136.3,2026-09-06T16:49:59.567166+00:00
1272,16.497085229375003,85.2030389398017,28.5,136.4,2026-09-06T16:49:59.767166+00:00
1273,16.497082881776965,85.20304126650524,28.5,136.5,2026-09-06T16:49:59.967166+00:00
1274,16.497080531591028,85.20304359036527,28.5,136.5,2026-09-06T16:50:00.167166+00:00
1275,16.497078178968522,85.20304591154205,28.5,136.6,2026-09-06T16:50:00.367166+00:00
1276,16.49707582406638,85.20304823020302,28.6,136.6,2026-09-06T16:50:00.567166+00:00
1277,16.497073467046693,85.20305054652248,28.6,136.7,2026-09-06T16:50:00.767166+00:00
1278,16.497071108076383,85.20305286068101,28.6,136.8,2026-09-06T16:50:00.967166+00:00
1279,16.497068747326765,85.20305517286508,28.7,136.8,2026-09-06T16:50:01.167166+00:00
1280,16.497066384973163,85.20305748326652,28.7,136.8,2026-09-06T16:50:01.367166+00:00
1281,16.497064021194515,85.20305979208202,28.7,136.9,2026-09-06T16:50:01.567166+00:00
1282,16.49706165617294,85.20306209951258,28.8,136.9,2026-09-06T16:50:01.767166+00:00
1283,16.497059290093336,85.203064405763,28.8,136.9,2026-09-06T16:50:01.967166+00:00
1284,16.497056923142974,85.2030667110413,28.8,137.0,2026-09-06T16:50:02.167166+00:00
1285,16.49705455551105,85.20306901555816,28.8,137.0,2026-09-06T16:50:02.367166+00:00
1286,16.497052187388288,85.20307131952634,28.9,137.0,2026-09-06T16:50:02.567166+00:00
1287,16.497049818966488,85.20307362316015,28.9,137.0,2026-09-06T16:50:02.767166+00:00
1288,16.49704745043812,85.20307592667474,28.9,137.0,2026-09-06T16:50:02.967166+00:00
1289,16.4970450819959,85.20307823028566,29.0,137.0,2026-09-06T16:50:03.167166+00:00
1290,16.497042713832343,85.20308053420814,29.0,137.0,2026-09-06T16:50:03.367166+00:00
1291,16.497040346139343,85.20308283865658,29.0,137.0,2026-09-06T16:50:03.567166+00:00
1292,16.497037979107755,85.20308514384395,29.0,137.0,2026-09-06T16:50:03.767166+00:00
1293,16.497035612926968,85.20308744998115,29.1,136.9,2026-09-06T16:50:03.967166+00:00
1294,16.497033247784465,85.20308975727656,29.1,136.9,2026-09-06T16:50:04.167166+00:00
1295,16.497030883865413,85.2030920659353,29.1,136.9,2026-09-06T16:50:04.367166+00:00
1296,16.49702852135226,85.2030943761588,29.2,136.8,2026-09-06T16:50:04.567166+00:00
1297,16.497026160424284,85.20309668814427,29.2,136.8,2026-09-06T16:50:04.767166+00:00
1298,16.497023801257217,85.20309900208406,29.2,136.8,2026-09-06T16:50:04.967166+00:00
1299,16.49702144402283,85.20310131816522,29.2,136.7,2026-09-06T16:50:05.167166+00:00
1300,16.49701908888851,85.20310363656901,29.3,136.7,2026-09-06T16:50:05.367166+00:00
1301,16.497016736016892,85.20310595747038,29.3,136.6,2026-09-06T16:50:05.567166+00:00
1302,16.497014385565468,85.20310828103754,29.3,136.5,2026-09-06T16:50:05.767166+00:00
1303,16.49701203768618,85.20311060743151,29.3,136.5,2026-09-06T16:50:05.967166+00:00
1304,16.497009692525094,85.20311293680575,29.4,136.4,2026-09-06T16:50:06.167166+00:00
1305,16.497007350221995,85.20311526930567,29.4,136.3,2026-09-06T16:50:06.367166+00:00
1306,16.497005010910065,85.2031176050684,29.4,136.2,2026-09-06T16:50:06.567166+00:00
1307,16.497002674715525,85.20311994422234,29.4,136.2,2026-09-06T16:50:06.767166+00:00
1308,16.497000341757303,85.2031222868869,29.5,136.1,2026-09-06T16:50:06.967166+00:00
1309,16.496998012146747,85.20312463317222,29.5,136.0,2026-09-06T16:50:07.167166+00:00
1310,16.496995685987287,85.20312698317892,29.5,135.9,2026-09-06T16:50:07.367166+00:00
1311,16.49699336337417,85.20312933699782,29.6,135.8,2026-09-06T16:50:07.567166+00:00
1312,16.496991044394186,85.20313169470982,29.6,135.7,2026-09-06T16:50:07.767166+00:00
1313,16.496988729125412,85.2031340563857,29.6,135.6,2026-09-06T16:50:07.967166+00:00
1314,16.496986417636975,85.20313642208592,29.6,135.5,2026-09-06T16:50:08.167166+00:00
1315,16.496984109988844,85.20313879186064,29.7,135.4,2026-09-06T16:50:08.367166+00:00
1316,16.496981806231627,85.2031411657495,29.7,135.3,2026-09-06T16:50:08.567166+00:00
1317,16.4969795064064,85.20314354378169,29.7,135.2,2026-09-06T16:50:08.767166+00:00
1318,16.496977210544557,85.20314592597583,29.7,135.1,2026-09-06T16:50:08.967166+00:00
1319,16.49697491866766,85.20314831234008,29.8,135.0,2026-09-06T16:50:09.167166+00:00
1320,16.496972630787376,85.20315070287202,29.8,134.9,2026-09-06T16:50:09.367166+00:00
1321,16.49697034690534,85.20315309755888,29.8,134.8,2026-09-06T16:50:09.567166+00:00
1322,16.49696806701315,85.20315549637752,29.8,134.7,2026-09-06T16:50:09.767166+00:00
1323,16.496965791092304,85.20315789929454,29.8,134.6,2026-09-06T16:50:09.967166+00:00
1324,16.496963519114207,85.20316030626651,29.9,134.6,2026-09-06T16:50:10.167166+00:00
1325,16.496961251040197,85.20316271724002,29.9,134.5,2026-09-06T16:50:10.367166+00:00
1326,16.496958986821596,85.20316513215194,29.9,134.4,2026-09-06T16:50:10.567166+00:00
1327,16.496956726399777,85.20316755092958,29.9,134.3,2026-09-06T16:50:10.767166+00:00
1328,16.49695446970628,85.20316997349094,30.0,134.2,2026-09-06T16:50:10.967166+00:00
1329,16.496952216662958,85.20317239974496,30.0,134.1,2026-09-06T16:50:11.167166+00:00
1330,16.49694996718211,85.20317482959172,30.0,134.0,2026-09-06T16:50:11.367166+00:00
1331,16.496947721166705,85.20317726292286,30.0,133.9,2026-09-06T16:50:11.567166+00:00
1332,16.496945478510572,85.20317969962177,30.1,133.8,2026-09-06T16:50:11.767166+00:00
1333,16.496943239098673,85.2031821395639,30.1,133.7,2026-09-06T16:50:11.967166+00:00
1334,16.49694100280735,85.20318458261717,30.1,133.7,2026-09-06T16:50:12.167166+00:00
1335,16.496938769504638,85.20318702864223,30.1,133.6,2026-09-06T16:50:12.367166+00:00
1336,16.496936539050594,85.20318947749288,30.1,133.5,2026-09-06T16:50:12.567166+00:00
1337,16.496934311297636,85.2031919290164,30.2,133.5,2026-09-06T16:50:12.767166+00:00
1338,16.496932086090926,85.20319438305393,30.2,133.4,2026-09-06T16:50:12.967166+00:00
1339,16.496929863268765,85.20319683944088,30.2,133.3,2026-09-06T16:50:13.167166+00:00
1340,16.496927642663007,85.20319929800732,30.2,133.3,2026-09-06T16:50:13.367166+00:00
1341,16.49692542409951,85.20320175857837,30.2,133.2,2026-09-06T16:50:13.567166+00:00
1342,16.496923207398584,85.20320422097463,30.3,133.2,2026-09-06T16:50:13.767166+00:00
1343,16.496920992375482,85.20320668501257,30.3,133.2,2026-09-06T16:50:13.967166+00:00
1344,16.496918778840882,85.203209150505,30.3,133.1,2026-09-06T16:50:14.167166+00:00
1345,16.496916566601403,85.20321161726146,30.3,133.1,2026-09-06T16:50:14.367166+00:00
1346,16.496914355460113,85.20321408508866,30.3,133.1,2026-09-06T16:50:14.567166+00:00
1347,16.49691214521709,85.20321655379091,30.4,133.0,2026-09-06T16:50:14.767166+00:00
1348,16.49690993566996,85.20321902317062,30.4,133.0,2026-09-06T16:50:14.967166+00:00
1349,16.496907726614417,85.20322149302865,30.4,133.0,2026-09-06T16:50:15.167166+00:00
1350,16.496905517844834,85.2032239631648,30.4,133.0,2026-09-06T16:50:15.367166+00:00
1351,16.496903309154774,85.20322643337829,30.4,133.0,2026-09-06T16:50:15.567166+00:00
1352,16.496901100337606,85.20322890346812,30.4,133.0,2026-09-06T16:50:15.767166+00:00
1353,16.49689889118703,85.20323137323356,30.5,133.0,2026-09-06T16:50:15.967166+00:00
1354,16.496896681497667,85.20323384247467,30.5,133.0,2026-09-06T16:50:16.167166+00:00
1355,16.49689447106562,85.20323631099262,30.5,133.0,2026-09-06T16:50:16.367166+00:00
1356,16.49689225968902,85.20323877859019,30.5,133.1,2026-09-06T16:50:16.567166+00:00
1357,16.49689004716858,85.2032412450722,30.5,133.1,2026-09-06T16:50:16.767166+00:00
1358,16.49688783330815,85.203243710246,30.5,133.1,2026-09-06T16:50:16.967166+00:00
1359,16.496885617915243,85.20324617392184,30.6,133.2,2026-09-06T16:50:17.167166+00:00
1360,16.496883400801533,85.20324863591334,30.6,133.2,2026-09-06T16:50:17.367166+00:00
1361,16.4968811817834,85.20325109603787,30.6,133.3,2026-09-06T16:50:17.567166+00:00
1362,16.496878960682388,85.20325355411704,30.6,133.3,2026-09-06T16:50:17.767166+00:00
1363,16.4968767373257,85.20325600997707,30.6,133.4,2026-09-06T16:50:17.967166+00:00
1364,16.496874511546633,85.20325846344922,30.6,133.4,2026-09-06T16:50:18.167166+00:00
1365,16.496872283185034,85.20326091437019,30.7,133.5,2026-09-06T16:50:18.367166+00:00
1366,16.496870052087704,85.20326336258252,30.7,133.5,2026-09-06T16:50:18.567166+00:00
1367,16.496867818108782,85.20326580793493,30.7,133.6,2026-09-06T16:50:18.767166+00:00
1368,16.496865581110132,85.20326825028278,30.7,133.7,2026-09-06T16:50:18.967166+00:00
1369,16.49686334096168,85.20327068948835,30.7,133.8,2026-09-06T16:50:19.167166+00:00
1370,16.496861097541725,85.20327312542128,30.7,133.8,2026-09-06T16:50:19.367166+00:00
1371,16.496858850737247,85.20327555795882,30.7,133.9,2026-09-06T16:50:19.567166+00:00
1372,16.496856600444165,85.20327798698624,30.7,134.0,2026-09-06T16:50:19.767166+00:00
1373,16.49685434656757,85.20328041239706,30.8,134.1,2026-09-06T16:50:19.967166+00:00
1374,16.496852089021953,85.20328283409343,30.8,134.2,2026-09-06T16:50:20.167166+00:00
1375,16.496849827731374,85.20328525198632,30.8,134.3,2026-09-06T16:50:20.367166+00:00
1376,16.496847562629643,85.20328766599584,30.8,134.4,2026-09-06T16:50:20.567166+00:00
1377,16.496845293660407,85.20329007605153,30.8,134.5,2026-09-06T16:50:20.767166+00:00
1378,16.496843020777288,85.20329248209244,30.8,134.6,2026-09-06T16:50:20.967166+00:00
1379,16.496840743943935,85.20329488406746,30.8,134.7,2026-09-06T16:50:21.167166+00:00
1380,16.496838463134086,85.20329728193543,30.8,134.8,2026-09-06T16:50:21.367166+00:00
1381,16.496836178331563,85.20329967566535,30.8,134.9,2026-09-06T16:50:21.567166+00:00
1382,16.496833889530272,85.20330206523643,30.9,135.0,2026-09-06T16:50:21.767166+00:00
1383,16.496831596734175,85.20330445063827,30.9,135.1,2026-09-06T16:50:21.967166+00:00
1384,16.496829299957223,85.20330683187092,30.9,135.2,2026-09-06T16:50:22.167166+00:00
1385,16.496826999223252,85.20330920894492,30.9,135.3,2026-09-06T16:50:22.367166+00:00
1386,16.4968246945659,85.20331158188132,30.9,135.4,2026-09-06T16:50:22.567166+00:00
1387,16.496822386028448,85.20331395071173,30.9,135.5,2026-09-06T16:50:22.767166+00:00
1388,16.49682007366368,85.20331631547823,30.9,135.6,2026-09-06T16:50:22.967166+00:00
1389,16.496817757533687,85.20331867623332,30.9,135.7,2026-09-06T16:50:23.167166+00:00
1390,16.49681543770969,85.20332103303988,30.9,135.8,2026-09-06T16:50:23.367166+00:00
1391,16.49681311427178,85.20332338597103,30.9,135.8,2026-09-06T16:50:23.567166+00:00
1392,16.49681078730873,85.20332573510997,30.9,135.9,2026-09-06T16:50:23.767166+00:00
1393,16.496808456917687,85.2033280805498,30.9,136.0,2026-09-06T16:50:23.967166+00:00
1394,16.496806123203935,85.20333042239332,30.9,136.1,2026-09-06T16:50:24.167166+00:00
1395,16.49680378628059,85.20333276075289,30.9,136.2,2026-09-06T16:50:24.367166+00:00
1396,16.496801446268293,85.20333509574996,31.0,136.3,2026-09-06T16:50:24.567166+00:00
1397,16.4967991032949,85.20333742751501,31.0,136.3,2026-09-06T16:50:24.767166+00:00
1398,16.496796757495144,85.20333975618708,31.0,136.4,2026-09-06T16:50:24.967166+00:00
1399,16.496794409010278,85.20334208191348,31.0,136.5,2026-09-06T16:50:25.167166+00:00
